PlayerUrl,PlayerName,Season,Date,Day,Comp,Round,Venue,Result,Squad,Opponent,Start,Pos,Min,KeeperPerformance-SoTA,KeeperPerformance-GA,KeeperPerformance-Saves,KeeperPerformance-Save%,KeeperPerformance-CS,KeeperPerformance-PSxG,KeeperPenaltyKicks-PKatt,KeeperPenaltyKicks-PKA,KeeperPenaltyKicks-PKsv,KeeperPenaltyKicks-PKm,KeeperLaunched-Cmp,KeeperLaunched-Att,KeeperLaunched-Cmp%,KeeperPasses-Att,KeeperPasses-Thr,KeeperPasses-Launch%,KeeperPasses-AvgLen,KeeperGoalKicks-Att,KeeperGoalKicks-Launch%,KeeperGoalKicks-AvgLen,KeeperCrosses-Opp,KeeperCrosses-Stp,KeeperCrosses-Stp%,KeeperSweeper-#OPA,KeeperSweeper-AvgDisthttps://fbref.com/en/players/1148323a,Eldin Jakupović,2015-2016,2015-08-11,Tue,League Cup,First round,Away,D 2 (4)–2 (3),Hull City,Acc'ton Stanley,Y,,120,,2,,,0,,0,0,0,0,,,,,,,,,,,,,,,
https://fbref.com/en/players/1148323a,Eldin Jakupović,2015-2016,2015-08-25,Tue,League Cup,Second round,Home,W 1–0,Hull City,Rochdale,Y,,90,,0,,,1,,0,0,0,0,,,,,,,,,,,,,,,
https://fbref.com/en/players/1148323a,Eldin Jakupović,2015-2016,2015-09-22,Tue,League Cup,Third round,Home,W 1–0,Hull City,Swansea City,Y,,90,,0,,,1,,0,0,0,0,,,,,,,,,,,,,,,
https://fbref.com/en/players/1148323a,Eldin Jakupović,2015-2016,2015-10-27,Tue,League Cup,Fourth round,Home,D 1 (5)–1 (4),Hull City,Leicester City,Y,GK,120,,1,,,0,,0,0,0,0,,,,,,,,,,,,,,,
https://fbref.com/en/players/1148323a,Eldin Jakupović,2015-2016,2015-12-01,Tue,League Cup,Quarter-finals,Away,L 1–4,Hull City,Manchester City,Y,GK,90,,4,,,0,,0,0,0,0,,,,,,,,,,,,,,,
https://fbref.com/en/players/1148323a,Eldin Jakupović,2015-2016,2016-01-09,Sat,FA Cup,Third round,Home,W 1–0,Hull City,Brighton,Y,,90,,0,,,1,,0,0,0,0,,,,,,,,,,,,,,,
https://fbref.com/en/players/1148323a,Eldin Jakupović,2015-2016,2016-01-30,Sat,FA Cup,Fourth round,Away,W 3–1,Hull City,Bury,Y,,90,,1,,,0,,0,0,0,0,,,,,,,,,,,,,,,
https://fbref.com/en/players/1148323a,Eldin Jakupović,2015-2016,2016-02-20,Sat,FA Cup,Fifth round,Away,D 0–0,Hull City,Arsenal,Y,,90,,0,,,1,,0,0,0,0,,,,,,,,,,,,,,,
https://fbref.com/en/players/1148323a,Eldin Jakupović,2015-2016,2016-03-08,Tue,FA Cup,Fifth round,Home,L 0–4,Hull City,Arsenal,Y,,90,,4,,,0,,0,0,0,0,,,,,,,,,,,,,,,
https://fbref.com/en/players/1148323a,Eldin Jakupović,2015-2016,2016-04-26,Tue,Championship,Matchweek 36,Home,W 2–0,Hull City,Brentford,Y,GK,90,,0,,,1,,0,0,0,0,,,,,,,,,,,,,,,
https://fbref.com/en/players/1148323a,Eldin Jakupović,2015-2016,2016-04-30,Sat,Championship,Matchweek 45,Away,L 0–1,Hull City,Bolton,Y,GK,90,,1,,,0,,0,0,0,0,,,,,,,,,,,,,,,
https://fbref.com/en/players/1148323a,Eldin Jakupović,2015-2016,2016-05-14,Sat,Championship,Semi-finals,Away,W 3–0,Hull City,Derby County,Y,GK,90,,0,,,1,,0,0,0,0,,,,,,,,,,,,,,,
https://fbref.com/en/players/1148323a,Eldin Jakupović,2015-2016,2016-05-17,Tue,Championship,Semi-finals,Home,L 0–2,Hull City,Derby County,Y,GK,90,,2,,,0,,0,0,0,0,,,,,,,,,,,,,,,
https://fbref.com/en/players/1148323a,Eldin Jakupović,2015-2016,2016-05-28,Sat,Championship,Final,Home,W 1–0,Hull City,Sheffield Weds,Y,GK,90,,0,,,1,,0,0,0,0,,,,,,,,,,,,,,,
https://fbref.com/en/players/1148323a,Eldin Jakupović,2016-2017,2016-08-13,Sat,Premier League,Matchweek 1,Home,W 2–1,Hull City,Leicester City,Y,GK,90,4,1,4,100.0,0,,1,1,0,0,,,,,,,,,,,,,,,
https://fbref.com/en/players/1148323a,Eldin Jakupović,2016-2017,2016-08-20,Sat,Premier League,Matchweek 2,Away,W 2–0,Hull City,Swansea City,Y,GK,90,3,0,3,100.0,1,,0,0,0,0,,,,,,,,,,,,,,,
https://fbref.com/en/players/1148323a,Eldin Jakupović,2016-2017,2016-08-27,Sat,Premier League,Matchweek 3,Home,L 0–1,Hull City,Manchester Utd,Y,GK,90,9,1,8,88.9,0,,0,0,0,0,,,,,,,,,,,,,,,
https://fbref.com/en/players/1148323a,Eldin Jakupović,2016-2017,2016-09-10,Sat,Premier League,Matchweek 4,Away,D 1–1,Hull City,Burnley,Y,GK,90,2,1,1,50.0,0,,0,0,0,0,,,,,,,,,,,,,,,
https://fbref.com/en/players/1148323a,Eldin Jakupović,2016-2017,2016-09-17,Sat,Premier League,Matchweek 5,Home,L 1–4,Hull City,Arsenal,Y,GK,90,8,4,5,50.0,0,,1,0,1,0,,,,,,,,,,,,,,,
https://fbref.com/en/players/1148323a,Eldin Jakupović,2016-2017,2016-10-25,Tue,EFL Cup,Fourth round,Away,W 2–1,Hull City,Bristol City,Y,GK,90,7,1,6,85.7,0,,0,0,0,0,,,,,,,,,,,,,,,
https://fbref.com/en/players/1148323a,Eldin Jakupović,2016-2017,2016-11-29,Tue,EFL Cup,Quarter-finals,Home,D 1 (3)–1 (1),Hull City,Newcastle Utd,Y,GK,120,5,1,4,80.0,0,,0,0,0,0,,,,,,,,,,,,,,,
https://fbref.com/en/players/1148323a,Eldin Jakupović,2016-2017,2017-01-07,Sat,FA Cup,Third round,Home,W 2–0,Hull City,Swansea City,Y,,90,,0,,,1,,0,0,0,0,,,,,,,,,,,,,,,
https://fbref.com/en/players/1148323a,Eldin Jakupović,2016-2017,2017-01-10,Tue,EFL Cup,Semi-finals,Away,L 0–2,Hull City,Manchester Utd,Y,GK,90,6,2,4,66.7,0,,0,0,0,0,,,,,,,,,,,,,,,
https://fbref.com/en/players/1148323a,Eldin Jakupović,2016-2017,2017-01-14,Sat,Premier League,Matchweek 21,Home,W 3–1,Hull City,Bournemouth,Y,GK,90,5,1,5,100.0,0,,1,1,0,0,,,,,,,,,,,,,,,
https://fbref.com/en/players/1148323a,Eldin Jakupović,2016-2017,2017-01-22,Sun,Premier League,Matchweek 22,Away,L 0–2,Hull City,Chelsea,Y,GK,90,5,2,3,60.0,0,,0,0,0,0,,,,,,,,,,,,,,,
https://fbref.com/en/players/1148323a,Eldin Jakupović,2016-2017,2017-01-29,Sun,FA Cup,Fourth round,Away,L 1–4,Hull City,Fulham,Y,,90,,4,,,0,,0,0,0,0,,,,,,,,,,,,,,,
https://fbref.com/en/players/1148323a,Eldin Jakupović,2016-2017,2017-02-01,Wed,Premier League,Matchweek 23,Away,D 0–0,Hull City,Manchester Utd,Y,GK,90,6,0,6,100.0,1,,0,0,0,0,,,,,,,,,,,,,,,
https://fbref.com/en/players/1148323a,Eldin Jakupović,2016-2017,2017-02-04,Sat,Premier League,Matchweek 24,Home,W 2–0,Hull City,Liverpool,Y,GK,90,5,0,5,100.0,1,,0,0,0,0,,,,,,,,,,,,,,,
https://fbref.com/en/players/1148323a,Eldin Jakupović,2016-2017,2017-02-11,Sat,Premier League,Matchweek 25,Away,L 0–2,Hull City,Arsenal,Y,GK,90,4,2,3,75.0,0,,1,1,0,0,,,,,,,,,,,,,,,
https://fbref.com/en/players/1148323a,Eldin Jakupović,2016-2017,2017-02-25,Sat,Premier League,Matchweek 26,Home,D 1–1,Hull City,Burnley,Y,GK,90,3,1,2,66.7,0,,0,0,0,0,,,,,,,,,,,,,,,
https://fbref.com/en/players/1148323a,Eldin Jakupović,2016-2017,2017-03-04,Sat,Premier League,Matchweek 27,Away,L 1–3,Hull City,Leicester City,Y,GK,90,6,3,3,50.0,0,,0,0,0,0,,,,,,,,,,,,,,,
https://fbref.com/en/players/1148323a,Eldin Jakupović,2016-2017,2017-03-11,Sat,Premier League,Matchweek 28,Home,W 2–1,Hull City,Swansea City,Y,GK,90,3,1,2,66.7,0,,0,0,0,0,,,,,,,,,,,,,,,
https://fbref.com/en/players/1148323a,Eldin Jakupović,2016-2017,2017-03-18,Sat,Premier League,Matchweek 29,Away,L 0–4,Hull City,Everton,Y,GK,90,8,4,4,50.0,0,,0,0,0,0,,,,,,,,,,,,,,,
https://fbref.com/en/players/1148323a,Eldin Jakupović,2016-2017,2017-04-01,Sat,Premier League,Matchweek 30,Home,W 2–1,Hull City,West Ham,Y,GK,90,4,1,3,75.0,0,,0,0,0,0,,,,,,,,,,,,,,,
https://fbref.com/en/players/1148323a,Eldin Jakupović,2016-2017,2017-04-05,Wed,Premier League,Matchweek 31,Home,W 4–2,Hull City,Middlesbrough,Y,GK,90,4,2,2,50.0,0,,0,0,0,0,,,,,,,,,,,,,,,
https://fbref.com/en/players/1148323a,Eldin Jakupović,2016-2017,2017-04-08,Sat,Premier League,Matchweek 32,Away,L 1–3,Hull City,Manchester City,Y,GK,90,9,3,6,66.7,0,,0,0,0,0,,,,,,,,,,,,,,,
https://fbref.com/en/players/1148323a,Eldin Jakupović,2016-2017,2017-04-15,Sat,Premier League,Matchweek 33,Away,L 1–3,Hull City,Stoke City,Y,GK,90,4,3,1,25.0,0,,0,0,0,0,,,,,,,,,,,,,,,
https://fbref.com/en/players/1148323a,Eldin Jakupović,2016-2017,2017-04-22,Sat,Premier League,Matchweek 34,Home,W 2–0,Hull City,Watford,Y,GK,90,2,0,2,100.0,1,,0,0,0,0,,,,,,,,,,,,,,,
https://fbref.com/en/players/1148323a,Eldin Jakupović,2016-2017,2017-04-29,Sat,Premier League,Matchweek 35,Away,D 0–0,Hull City,Southampton,Y,GK,90,0,0,1,,1,,2,0,1,1,,,,,,,,,,,,,,,
https://fbref.com/en/players/1148323a,Eldin Jakupović,2016-2017,2017-05-06,Sat,Premier League,Matchweek 36,Home,L 0–2,Hull City,Sunderland,Y,GK,90,5,2,3,60.0,0,,0,0,0,0,,,,,,,,,,,,,,,
https://fbref.com/en/players/1148323a,Eldin Jakupović,2016-2017,2017-05-14,Sun,Premier League,Matchweek 37,Away,L 0–4,Hull City,Crystal Palace,Y,GK,90,3,4,0,0.0,0,,1,1,0,0,,,,,,,,,,,,,,,
https://fbref.com/en/players/1148323a,Eldin Jakupović,2018-2019,2018-10-01,Mon,PL2 — Div. 1,Matchweek 7,Home,L 1–2,Leicester City,Arsenal,Y,GK,90,,2,,,0,,1,1,0,0,,,,,,,,,,,,,,,
https://fbref.com/en/players/1148323a,Eldin Jakupović,2018-2019,2018-11-23,Fri,PL2 — Div. 1,Matchweek 11,Home,D 0–0,Leicester City,Manchester City,Y,GK,90,,0,,,1,,1,0,1,0,,,,,,,,,,,,,,,
https://fbref.com/en/players/1148323a,Eldin Jakupović,2018-2019,2019-03-08,Fri,PL2 — Div. 1,Matchweek 19,Home,L 1–2,Leicester City,Tottenham,Y,GK,90,,2,,,0,,0,0,0,0,,,,,,,,,,,,,,,
https://fbref.com/en/players/1148323a,Eldin Jakupović,2019-2020,2019-08-19,Mon,PL2 — Div. 1,Matchweek 2,Home,D 1–1,Leicester City,Blackburn,Y,GK,90,,1,,,0,,0,0,0,0,,,,,,,,,,,,,,,
https://fbref.com/en/players/1148323a,Eldin Jakupović,2019-2020,2019-10-25,Fri,PL2 — Div. 1,Matchweek 9,Home,W 3–0,Leicester City,Southampton,Y,GK,90,,0,,,1,,0,0,0,0,,,,,,,,,,,,,,,
https://fbref.com/en/players/53af52f3,Kasper Schmeichel,2015-2016,2015-08-08,Sat,Premier League,Matchweek 1,Home,W 4–2,Leicester City,Sunderland,Y,GK,90,5,2,3,60.0,0,,0,0,0,0,,,,,,,,,,,,,,,
https://fbref.com/en/players/53af52f3,Kasper Schmeichel,2015-2016,2015-08-15,Sat,Premier League,Matchweek 2,Away,W 2–1,Leicester City,West Ham,Y,GK,90,3,1,2,66.7,0,,0,0,0,0,,,,,,,,,,,,,,,
https://fbref.com/en/players/53af52f3,Kasper Schmeichel,2015-2016,2015-08-22,Sat,Premier League,Matchweek 3,Home,D 1–1,Leicester City,Tottenham,Y,GK,90,6,1,5,83.3,0,,0,0,0,0,,,,,,,,,,,,,,,
https://fbref.com/en/players/53af52f3,Kasper Schmeichel,2015-2016,2015-08-29,Sat,Premier League,Matchweek 4,Away,D 1–1,Leicester City,Bournemouth,Y,GK,90,2,1,1,50.0,0,,0,0,0,0,,,,,,,,,,,,,,,
https://fbref.com/en/players/53af52f3,Kasper Schmeichel,2015-2016,2015-09-04,Fri,Euro Qualifying,Group stage,Home,D 0–0,dk Denmark,al Albania,Y,GK,90,2,0,2,100.0,1,,0,0,0,0,,,,,,,,,,,,,,,
https://fbref.com/en/players/53af52f3,Kasper Schmeichel,2015-2016,2015-09-07,Mon,Euro Qualifying,Group stage,Away,D 0–0,dk Denmark,am Armenia,Y,GK,90,3,0,3,100.0,1,,0,0,0,0,,,,,,,,,,,,,,,
https://fbref.com/en/players/53af52f3,Kasper Schmeichel,2015-2016,2015-09-13,Sun,Premier League,Matchweek 5,Home,W 3–2,Leicester City,Aston Villa,Y,GK,90,4,2,2,50.0,0,,0,0,0,0,,,,,,,,,,,,,,,
https://fbref.com/en/players/53af52f3,Kasper Schmeichel,2015-2016,2015-09-19,Sat,Premier League,Matchweek 6,Away,D 2–2,Leicester City,Stoke City,Y,GK,90,4,2,2,50.0,0,,0,0,0,0,,,,,,,,,,,,,,,
https://fbref.com/en/players/53af52f3,Kasper Schmeichel,2015-2016,2015-09-26,Sat,Premier League,Matchweek 7,Home,L 2–5,Leicester City,Arsenal,Y,GK,90,11,5,6,54.5,0,,0,0,0,0,,,,,,,,,,,,,,,
https://fbref.com/en/players/53af52f3,Kasper Schmeichel,2015-2016,2015-10-03,Sat,Premier League,Matchweek 8,Away,W 2–1,Leicester City,Norwich City,Y,GK,90,2,1,1,50.0,0,,0,0,0,0,,,,,,,,,,,,,,,
https://fbref.com/en/players/53af52f3,Kasper Schmeichel,2015-2016,2015-10-08,Thu,Euro Qualifying,Group stage,Away,L 0–1,dk Denmark,pt Portugal,Y,GK,90,7,1,6,85.7,0,,0,0,0,0,,,,,,,,,,,,,,,
https://fbref.com/en/players/53af52f3,Kasper Schmeichel,2015-2016,2015-10-11,Sun,Friendlies (M),Friendlies (M),Home,L 1–2,dk Denmark,fr France,Y,GK,90,,2,,,0,,0,0,0,0,,,,,,,,,,,,,,,
https://fbref.com/en/players/53af52f3,Kasper Schmeichel,2015-2016,2015-10-17,Sat,Premier League,Matchweek 9,Away,D 2–2,Leicester City,Southampton,Y,GK,90,5,2,3,60.0,0,,0,0,0,0,,,,,,,,,,,,,,,
https://fbref.com/en/players/53af52f3,Kasper Schmeichel,2015-2016,2015-10-24,Sat,Premier League,Matchweek 10,Home,W 1–0,Leicester City,Crystal Palace,Y,GK,90,4,0,4,100.0,1,,0,0,0,0,,,,,,,,,,,,,,,
https://fbref.com/en/players/53af52f3,Kasper Schmeichel,2015-2016,2015-10-31,Sat,Premier League,Matchweek 11,Away,W 3–2,Leicester City,West Brom,Y,GK,90,5,2,4,80.0,0,,1,1,0,0,,,,,,,,,,,,,,,
https://fbref.com/en/players/53af52f3,Kasper Schmeichel,2015-2016,2015-11-07,Sat,Premier League,Matchweek 12,Home,W 2–1,Leicester City,Watford,Y,GK,90,3,1,3,100.0,0,,1,1,0,0,,,,,,,,,,,,,,,
https://fbref.com/en/players/53af52f3,Kasper Schmeichel,2015-2016,2015-11-14,Sat,Euro Qualifying,Play-off Round,Away,L 1–2,dk Denmark,se Sweden,Y,,90,3,2,2,66.7,0,,1,1,0,0,,,,,,,,,,,,,,,
https://fbref.com/en/players/53af52f3,Kasper Schmeichel,2015-2016,2015-11-17,Tue,Euro Qualifying,Play-off Round,Home,D 2–2,dk Denmark,se Sweden,Y,,90,4,2,2,50.0,0,,0,0,0,0,,,,,,,,,,,,,,,
https://fbref.com/en/players/53af52f3,Kasper Schmeichel,2015-2016,2015-11-21,Sat,Premier League,Matchweek 13,Away,W 3–0,Leicester City,Newcastle Utd,Y,GK,90,0,0,0,,1,,0,0,0,0,,,,,,,,,,,,,,,
https://fbref.com/en/players/53af52f3,Kasper Schmeichel,2015-2016,2015-11-28,Sat,Premier League,Matchweek 14,Home,D 1–1,Leicester City,Manchester Utd,Y,GK,90,2,1,1,50.0,0,,0,0,0,0,,,,,,,,,,,,,,,
https://fbref.com/en/players/53af52f3,Kasper Schmeichel,2015-2016,2015-12-05,Sat,Premier League,Matchweek 15,Away,W 3–0,Leicester City,Swansea City,Y,GK,90,2,0,2,100.0,1,,0,0,0,0,,,,,,,,,,,,,,,
https://fbref.com/en/players/53af52f3,Kasper Schmeichel,2015-2016,2015-12-14,Mon,Premier League,Matchweek 16,Home,W 2–1,Leicester City,Chelsea,Y,GK,90,3,1,2,66.7,0,,0,0,0,0,,,,,,,,,,,,,,,
https://fbref.com/en/players/53af52f3,Kasper Schmeichel,2015-2016,2015-12-19,Sat,Premier League,Matchweek 17,Away,W 3–2,Leicester City,Everton,Y,GK,90,4,2,2,50.0,0,,0,0,0,0,,,,,,,,,,,,,,,
https://fbref.com/en/players/53af52f3,Kasper Schmeichel,2015-2016,2015-12-26,Sat,Premier League,Matchweek 18,Away,L 0–1,Leicester City,Liverpool,Y,GK,90,4,1,3,75.0,0,,0,0,0,0,,,,,,,,,,,,,,,
https://fbref.com/en/players/53af52f3,Kasper Schmeichel,2015-2016,2015-12-29,Tue,Premier League,Matchweek 19,Home,D 0–0,Leicester City,Manchester City,Y,GK,90,5,0,5,100.0,1,,0,0,0,0,,,,,,,,,,,,,,,
https://fbref.com/en/players/53af52f3,Kasper Schmeichel,2015-2016,2016-01-02,Sat,Premier League,Matchweek 20,Home,D 0–0,Leicester City,Bournemouth,Y,GK,90,0,0,0,,1,,0,0,0,0,,,,,,,,,,,,,,,
https://fbref.com/en/players/53af52f3,Kasper Schmeichel,2015-2016,2016-01-10,Sun,FA Cup,Third round,Away,D 2–2,Leicester City,Tottenham,Y,,90,,2,,,0,,1,1,0,0,,,,,,,,,,,,,,,
https://fbref.com/en/players/53af52f3,Kasper Schmeichel,2015-2016,2016-01-13,Wed,Premier League,Matchweek 21,Away,W 1–0,Leicester City,Tottenham,Y,GK,90,5,0,5,100.0,1,,0,0,0,0,,,,,,,,,,,,,,,
https://fbref.com/en/players/53af52f3,Kasper Schmeichel,2015-2016,2016-01-16,Sat,Premier League,Matchweek 22,Away,D 1–1,Leicester City,Aston Villa,Y,GK,90,5,1,4,80.0,0,,0,0,0,0,,,,,,,,,,,,,,,
https://fbref.com/en/players/53af52f3,Kasper Schmeichel,2015-2016,2016-01-20,Wed,FA Cup,Third round,Home,L 0–2,Leicester City,Tottenham,Y,,90,,2,,,0,,0,0,0,0,,,,,,,,,,,,,,,
https://fbref.com/en/players/53af52f3,Kasper Schmeichel,2015-2016,2016-01-23,Sat,Premier League,Matchweek 23,Home,W 3–0,Leicester City,Stoke City,Y,GK,90,2,0,2,100.0,1,,0,0,0,0,,,,,,,,,,,,,,,
https://fbref.com/en/players/53af52f3,Kasper Schmeichel,2015-2016,2016-02-02,Tue,Premier League,Matchweek 24,Home,W 2–0,Leicester City,Liverpool,Y,GK,90,1,0,1,100.0,1,,0,0,0,0,,,,,,,,,,,,,,,
https://fbref.com/en/players/53af52f3,Kasper Schmeichel,2015-2016,2016-02-06,Sat,Premier League,Matchweek 25,Away,W 3–1,Leicester City,Manchester City,Y,GK,90,4,1,3,75.0,0,,0,0,0,0,,,,,,,,,,,,,,,
https://fbref.com/en/players/53af52f3,Kasper Schmeichel,2015-2016,2016-02-14,Sun,Premier League,Matchweek 26,Away,L 1–2,Leicester City,Arsenal,Y,GK,90,6,2,4,66.7,0,,0,0,0,0,,,,,,,,,,,,,,,
https://fbref.com/en/players/53af52f3,Kasper Schmeichel,2015-2016,2016-02-27,Sat,Premier League,Matchweek 27,Home,W 1–0,Leicester City,Norwich City,Y,GK,90,1,0,1,100.0,1,,0,0,0,0,,,,,,,,,,,,,,,
https://fbref.com/en/players/53af52f3,Kasper Schmeichel,2015-2016,2016-03-01,Tue,Premier League,Matchweek 28,Home,D 2–2,Leicester City,West Brom,Y,GK,90,3,2,1,33.3,0,,0,0,0,0,,,,,,,,,,,,,,,
https://fbref.com/en/players/53af52f3,Kasper Schmeichel,2015-2016,2016-03-05,Sat,Premier League,Matchweek 29,Away,W 1–0,Leicester City,Watford,Y,GK,90,4,0,4,100.0,1,,0,0,0,0,,,,,,,,,,,,,,,
https://fbref.com/en/players/53af52f3,Kasper Schmeichel,2015-2016,2016-03-14,Mon,Premier League,Matchweek 30,Home,W 1–0,Leicester City,Newcastle Utd,Y,GK,90,2,0,2,100.0,1,,0,0,0,0,,,,,,,,,,,,,,,
https://fbref.com/en/players/53af52f3,Kasper Schmeichel,2015-2016,2016-03-19,Sat,Premier League,Matchweek 31,Away,W 1–0,Leicester City,Crystal Palace,Y,GK,90,4,0,4,100.0,1,,0,0,0,0,,,,,,,,,,,,,,,
https://fbref.com/en/players/53af52f3,Kasper Schmeichel,2015-2016,2016-03-24,Thu,Friendlies (M),Friendlies (M),Home,W 2–1,dk Denmark,is Iceland,Y,,90,,1,,,0,,0,0,0,0,,,,,,,,,,,,,,,
https://fbref.com/en/players/53af52f3,Kasper Schmeichel,2015-2016,2016-03-29,Tue,Friendlies (M),Friendlies (M),Away,L 0–1,dk Denmark,sct Scotland,Y,,45,,,,,0,,0,0,0,0,,,,,,,,,,,,,,,
https://fbref.com/en/players/53af52f3,Kasper Schmeichel,2015-2016,2016-04-03,Sun,Premier League,Matchweek 32,Home,W 1–0,Leicester City,Southampton,Y,GK,90,1,0,1,100.0,1,,0,0,0,0,,,,,,,,,,,,,,,
https://fbref.com/en/players/53af52f3,Kasper Schmeichel,2015-2016,2016-04-10,Sun,Premier League,Matchweek 33,Away,W 2–0,Leicester City,Sunderland,Y,GK,90,1,0,1,100.0,1,,0,0,0,0,,,,,,,,,,,,,,,
https://fbref.com/en/players/53af52f3,Kasper Schmeichel,2015-2016,2016-04-17,Sun,Premier League,Matchweek 34,Home,D 2–2,Leicester City,West Ham,Y,GK,90,3,2,2,66.7,0,,1,1,0,0,,,,,,,,,,,,,,,
https://fbref.com/en/players/53af52f3,Kasper Schmeichel,2015-2016,2016-04-24,Sun,Premier League,Matchweek 35,Home,W 4–0,Leicester City,Swansea City,Y,GK,90,1,0,1,100.0,1,,0,0,0,0,,,,,,,,,,,,,,,
https://fbref.com/en/players/53af52f3,Kasper Schmeichel,2015-2016,2016-05-01,Sun,Premier League,Matchweek 36,Away,D 1–1,Leicester City,Manchester Utd,Y,GK,90,6,1,5,83.3,0,,0,0,0,0,,,,,,,,,,,,,,,
https://fbref.com/en/players/53af52f3,Kasper Schmeichel,2015-2016,2016-05-07,Sat,Premier League,Matchweek 37,Home,W 3–1,Leicester City,Everton,Y,GK,90,5,1,4,80.0,0,,0,0,0,0,,,,,,,,,,,,,,,
https://fbref.com/en/players/53af52f3,Kasper Schmeichel,2015-2016,2016-05-15,Sun,Premier League,Matchweek 38,Away,D 1–1,Leicester City,Chelsea,Y,GK,90,3,1,3,100.0,0,,1,1,0,0,,,,,,,,,,,,,,,
https://fbref.com/en/players/53af52f3,Kasper Schmeichel,2016-2017,2016-08-07,Sun,Community Shield,FA Community Shield,Home,L 1–2,Leicester City,Manchester Utd,Y,GK,90,,2,,,,,0,0,0,0,,,,,,,,,,,,,,,
https://fbref.com/en/players/53af52f3,Kasper Schmeichel,2016-2017,2016-08-13,Sat,Premier League,Matchweek 1,Away,L 1–2,Leicester City,Hull City,Y,GK,90,5,2,3,60.0,0,,0,0,0,0,,,,,,,,,,,,,,,
https://fbref.com/en/players/53af52f3,Kasper Schmeichel,2016-2017,2016-08-20,Sat,Premier League,Matchweek 2,Home,D 0–0,Leicester City,Arsenal,Y,GK,90,4,0,4,100.0,1,,0,0,0,0,,,,,,,,,,,,,,,
https://fbref.com/en/players/53af52f3,Kasper Schmeichel,2016-2017,2016-08-27,Sat,Premier League,Matchweek 3,Home,W 2–1,Leicester City,Swansea City,Y,GK,56,2,0,2,100.0,0,,0,0,0,0,,,,,,,,,,,,,,,
https://fbref.com/en/players/53af52f3,Kasper Schmeichel,2016-2017,2016-09-10,Sat,Premier League,Matchweek 4,Away,L 1–4,Leicester City,Liverpool,Y,GK,90,11,4,7,63.6,0,,0,0,0,0,,,,,,,,,,,,,,,
https://fbref.com/en/players/53af52f3,Kasper Schmeichel,2016-2017,2016-09-14,Wed,Champions Lg,Group stage,Away,W 3–0,eng Leicester City,be Club Brugge,Y,GK,90,2,0,2,100.0,1,,0,0,0,0,,,,,,,,,,,,,,,
https://fbref.com/en/players/53af52f3,Kasper Schmeichel,2016-2017,2016-09-27,Tue,Champions Lg,Group stage,Home,W 1–0,eng Leicester City,pt Porto,Y,GK,90,3,0,3,100.0,1,,0,0,0,0,,,,,,,,,,,,,,,
https://fbref.com/en/players/53af52f3,Kasper Schmeichel,2016-2017,2016-10-02,Sun,Premier League,Matchweek 7,Home,D 0–0,Leicester City,Southampton,Y*,GK,90,5,0,5,100.0,1,,0,0,0,0,,,,,,,,,,,,,,,
https://fbref.com/en/players/53af52f3,Kasper Schmeichel,2016-2017,2016-10-08,Sat,WCQ — UEFA (M),First round,Away,L 2–3,dk Denmark,pl Poland,Y,GK,90,,3,,,0,,1,1,0,0,,,,,,,,,,,,,,,
https://fbref.com/en/players/53af52f3,Kasper Schmeichel,2016-2017,2016-10-11,Tue,WCQ — UEFA (M),First round,Home,L 0–1,dk Denmark,me Montenegro,Y,GK,90,,1,,,0,,0,0,0,0,,,,,,,,,,,,,,,
https://fbref.com/en/players/53af52f3,Kasper Schmeichel,2016-2017,2016-10-15,Sat,Premier League,Matchweek 8,Away,L 0–3,Leicester City,Chelsea,Y,GK,90,7,3,4,57.1,0,,0,0,0,0,,,,,,,,,,,,,,,
https://fbref.com/en/players/53af52f3,Kasper Schmeichel,2016-2017,2016-10-18,Tue,Champions Lg,Group stage,Home,W 1–0,eng Leicester City,dk FC Copenhagen,Y,GK,90,4,0,4,100.0,1,,0,0,0,0,,,,,,,,,,,,,,,
https://fbref.com/en/players/53af52f3,Kasper Schmeichel,2016-2017,2016-10-22,Sat,Premier League,Matchweek 9,Home,W 3–1,Leicester City,Crystal Palace,Y,GK,90,6,1,5,83.3,0,,0,0,0,0,,,,,,,,,,,,,,,
https://fbref.com/en/players/53af52f3,Kasper Schmeichel,2016-2017,2016-10-29,Sat,Premier League,Matchweek 10,Away,D 1–1,Leicester City,Tottenham,Y,GK,90,6,1,5,83.3,0,,0,0,0,0,,,,,,,,,,,,,,,
https://fbref.com/en/players/53af52f3,Kasper Schmeichel,2016-2017,2016-11-02,Wed,Champions Lg,Group stage,Away,D 0–0,eng Leicester City,dk FC Copenhagen,Y,GK,90,2,0,2,100.0,1,,0,0,0,0,,,,,,,,,,,,,,,
https://fbref.com/en/players/53af52f3,Kasper Schmeichel,2016-2017,2016-12-17,Sat,Premier League,Matchweek 17,Away,D 2–2,Leicester City,Stoke City,Y,GK,90,6,2,5,83.3,0,,1,1,0,0,,,,,,,,,,,,,,,
https://fbref.com/en/players/53af52f3,Kasper Schmeichel,2016-2017,2016-12-26,Mon,Premier League,Matchweek 18,Home,L 0–2,Leicester City,Everton,Y,GK,90,3,2,1,33.3,0,,0,0,0,0,,,,,,,,,,,,,,,
https://fbref.com/en/players/53af52f3,Kasper Schmeichel,2016-2017,2016-12-31,Sat,Premier League,Matchweek 19,Home,W 1–0,Leicester City,West Ham,Y,GK,90,5,0,5,100.0,1,,0,0,0,0,,,,,,,,,,,,,,,
https://fbref.com/en/players/53af52f3,Kasper Schmeichel,2016-2017,2017-01-02,Mon,Premier League,Matchweek 20,Away,D 0–0,Leicester City,Middlesbrough,Y,GK,90,1,0,1,100.0,1,,0,0,0,0,,,,,,,,,,,,,,,
https://fbref.com/en/players/53af52f3,Kasper Schmeichel,2016-2017,2017-01-07,Sat,FA Cup,Third round,Away,W 2–1,Leicester City,Everton,Y,,90,,1,,,0,,0,0,0,0,,,,,,,,,,,,,,,
https://fbref.com/en/players/53af52f3,Kasper Schmeichel,2016-2017,2017-01-14,Sat,Premier League,Matchweek 21,Home,L 0–3,Leicester City,Chelsea,Y,GK,90,3,3,0,0.0,0,,0,0,0,0,,,,,,,,,,,,,,,
https://fbref.com/en/players/53af52f3,Kasper Schmeichel,2016-2017,2017-01-22,Sun,Premier League,Matchweek 22,Away,L 0–3,Leicester City,Southampton,Y,GK,90,6,3,4,66.7,0,,1,1,0,0,,,,,,,,,,,,,,,
https://fbref.com/en/players/53af52f3,Kasper Schmeichel,2016-2017,2017-01-27,Fri,FA Cup,Fourth round,Away,D 2–2,Leicester City,Derby County,Y,,90,,2,,,0,,0,0,0,0,,,,,,,,,,,,,,,
https://fbref.com/en/players/53af52f3,Kasper Schmeichel,2016-2017,2017-01-31,Tue,Premier League,Matchweek 23,Away,L 0–1,Leicester City,Burnley,Y,GK,90,3,1,2,66.7,0,,0,0,0,0,,,,,,,,,,,,,,,
https://fbref.com/en/players/53af52f3,Kasper Schmeichel,2016-2017,2017-02-05,Sun,Premier League,Matchweek 24,Home,L 0–3,Leicester City,Manchester Utd,Y,GK,90,9,3,6,66.7,0,,0,0,0,0,,,,,,,,,,,,,,,
https://fbref.com/en/players/53af52f3,Kasper Schmeichel,2016-2017,2017-02-12,Sun,Premier League,Matchweek 25,Away,L 0–2,Leicester City,Swansea City,Y,GK,90,4,2,2,50.0,0,,0,0,0,0,,,,,,,,,,,,,,,
https://fbref.com/en/players/53af52f3,Kasper Schmeichel,2016-2017,2017-02-22,Wed,Champions Lg,Round of 16,Away,L 1–2,eng Leicester City,es Sevilla,Y,GK,90,5,2,4,60.0,0,,1,0,1,0,,,,,,,,,,,,,,,
https://fbref.com/en/players/53af52f3,Kasper Schmeichel,2016-2017,2017-02-27,Mon,Premier League,Matchweek 26,Home,W 3–1,Leicester City,Liverpool,Y,GK,90,7,1,6,85.7,0,,0,0,0,0,,,,,,,,,,,,,,,
https://fbref.com/en/players/53af52f3,Kasper Schmeichel,2016-2017,2017-03-04,Sat,Premier League,Matchweek 27,Home,W 3–1,Leicester City,Hull City,Y,GK,90,4,1,3,75.0,0,,0,0,0,0,,,,,,,,,,,,,,,
https://fbref.com/en/players/53af52f3,Kasper Schmeichel,2016-2017,2017-03-14,Tue,Champions Lg,Round of 16,Home,W 2–0,eng Leicester City,es Sevilla,Y,GK,90,1,0,2,100.0,1,,1,0,1,0,,,,,,,,,,,,,,,
https://fbref.com/en/players/53af52f3,Kasper Schmeichel,2016-2017,2017-03-18,Sat,Premier League,Matchweek 29,Away,W 3–2,Leicester City,West Ham,Y*,GK,90,6,2,4,66.7,0,,0,0,0,0,,,,,,,,,,,,,,,
https://fbref.com/en/players/53af52f3,Kasper Schmeichel,2016-2017,2017-03-26,Sun,WCQ — UEFA (M),First round,Away,D 0–0,dk Denmark,ro Romania,Y,GK,90,,0,,,1,,0,0,0,0,,,,,,,,,,,,,,,
https://fbref.com/en/players/53af52f3,Kasper Schmeichel,2016-2017,2017-04-01,Sat,Premier League,Matchweek 30,Home,W 2–0,Leicester City,Stoke City,Y*,GK,90,2,0,2,100.0,1,,0,0,0,0,,,,,,,,,,,,,,,
https://fbref.com/en/players/53af52f3,Kasper Schmeichel,2016-2017,2017-04-04,Tue,Premier League,Matchweek 31,Home,W 2–0,Leicester City,Sunderland,Y*,GK,90,3,0,3,100.0,1,,0,0,0,0,,,,,,,,,,,,,,,
https://fbref.com/en/players/53af52f3,Kasper Schmeichel,2016-2017,2017-04-09,Sun,Premier League,Matchweek 32,Away,L 2–4,Leicester City,Everton,Y*,GK,90,7,4,3,42.9,0,,0,0,0,0,,,,,,,,,,,,,,,
https://fbref.com/en/players/53af52f3,Kasper Schmeichel,2016-2017,2017-04-12,Wed,Champions Lg,Quarter-finals,Away,L 0–1,eng Leicester City,es Atlético Madrid,Y*,GK,90,2,1,2,100.0,0,,1,1,0,0,,,,,,,,,,,,,,,
https://fbref.com/en/players/53af52f3,Kasper Schmeichel,2016-2017,2017-04-15,Sat,Premier League,Matchweek 33,Away,D 2–2,Leicester City,Crystal Palace,Y*,GK,90,4,2,2,50.0,0,,0,0,0,0,,,,,,,,,,,,,,,
https://fbref.com/en/players/53af52f3,Kasper Schmeichel,2016-2017,2017-04-18,Tue,Champions Lg,Quarter-finals,Home,D 1–1,eng Leicester City,es Atlético Madrid,Y,GK,90,2,1,1,50.0,0,,0,0,0,0,,,,,,,,,,,,,,,
https://fbref.com/en/players/53af52f3,Kasper Schmeichel,2016-2017,2017-04-26,Wed,Premier League,Matchweek 28,Away,L 0–1,Leicester City,Arsenal,Y*,GK,90,6,1,5,83.3,0,,0,0,0,0,,,,,,,,,,,,,,,
https://fbref.com/en/players/53af52f3,Kasper Schmeichel,2016-2017,2017-04-29,Sat,Premier League,Matchweek 35,Away,W 1–0,Leicester City,West Brom,Y*,GK,90,4,0,4,100.0,1,,0,0,0,0,,,,,,,,,,,,,,,
https://fbref.com/en/players/53af52f3,Kasper Schmeichel,2016-2017,2017-05-06,Sat,Premier League,Matchweek 36,Home,W 3–0,Leicester City,Watford,Y*,GK,90,7,0,7,100.0,1,,0,0,0,0,,,,,,,,,,,,,,,
https://fbref.com/en/players/53af52f3,Kasper Schmeichel,2016-2017,2017-05-13,Sat,Premier League,Matchweek 37,Away,L 1–2,Leicester City,Manchester City,Y*,GK,90,4,2,3,75.0,0,,1,1,0,0,,,,,,,,,,,,,,,
https://fbref.com/en/players/53af52f3,Kasper Schmeichel,2016-2017,2017-05-18,Thu,Premier League,Matchweek 34,Home,L 1–6,Leicester City,Tottenham,Y*,GK,90,12,6,6,50.0,0,,0,0,0,0,,,,,,,,,,,,,,,
https://fbref.com/en/players/53af52f3,Kasper Schmeichel,2016-2017,2017-05-21,Sun,Premier League,Matchweek 38,Home,D 1–1,Leicester City,Bournemouth,Y*,GK,90,4,1,3,75.0,0,,0,0,0,0,,,,,,,,,,,,,,,
https://fbref.com/en/players/53af52f3,Kasper Schmeichel,2017-2018,2017-08-11,Fri,Premier League,Matchweek 1,Away,L 3–4,Leicester City,Arsenal,Y,GK,90,10,4,6,60.0,0,3.0,0,0,0,0,15,37,40.5,26,0,96.2,65.3,12,100.0,73.1,10,0,0.0,1,27.7
https://fbref.com/en/players/53af52f3,Kasper Schmeichel,2017-2018,2017-08-19,Sat,Premier League,Matchweek 2,Home,W 2–0,Leicester City,Brighton,Y,GK,90,2,0,2,100.0,1,0.1,0,0,0,0,9,22,40.9,29,6,58.6,49.3,5,100.0,73.4,10,0,0.0,1,15.8
https://fbref.com/en/players/53af52f3,Kasper Schmeichel,2017-2018,2017-08-26,Sat,Premier League,Matchweek 3,Away,L 0–2,Leicester City,Manchester Utd,Y,GK,90,6,2,4,66.7,0,2.6,1,0,1,0,10,31,32.3,25,3,80.0,57.2,11,100.0,70.8,20,0,0.0,3,19.9
https://fbref.com/en/players/53af52f3,Kasper Schmeichel,2017-2018,2017-09-01,Fri,WCQ — UEFA (M),First round,Home,W 4–0,dk Denmark,pl Poland,Y,GK,90,,0,,,1,,0,0,0,0,,,,,,,,,,,,,,,
https://fbref.com/en/players/53af52f3,Kasper Schmeichel,2017-2018,2017-09-04,Mon,WCQ — UEFA (M),First round,Away,W 4–1,dk Denmark,am Armenia,Y,GK,90,,1,,,0,,0,0,0,0,,,,,,,,,,,,,,,
https://fbref.com/en/players/53af52f3,Kasper Schmeichel,2017-2018,2017-09-09,Sat,Premier League,Matchweek 4,Home,L 1–2,Leicester City,Chelsea,Y,GK,90,6,2,4,66.7,0,1.5,0,0,0,0,15,25,60.0,27,5,66.7,46.5,8,87.5,64.9,7,0,0.0,2,19.4
https://fbref.com/en/players/53af52f3,Kasper Schmeichel,2017-2018,2017-09-16,Sat,Premier League,Matchweek 5,Away,D 1–1,Leicester City,Huddersfield,Y,GK,90,3,1,2,66.7,0,1.1,0,0,0,0,9,27,33.3,31,2,74.2,56.9,4,100.0,82.3,27,3,11.1,3,15.2
https://fbref.com/en/players/53af52f3,Kasper Schmeichel,2017-2018,2017-09-23,Sat,Premier League,Matchweek 6,Home,L 2–3,Leicester City,Liverpool,Y,GK,90,6,3,3,50.0,0,1.0,0,0,0,0,12,29,41.4,22,2,95.5,63.0,8,100.0,77.6,5,0,0.0,1,14.6
https://fbref.com/en/players/53af52f3,Kasper Schmeichel,2017-2018,2017-09-30,Sat,Premier League,Matchweek 7,Away,D 0–0,Leicester City,Bournemouth,Y,GK,90,4,0,4,100.0,1,0.7,0,0,0,0,11,36,30.6,31,4,80.6,63.2,12,91.7,66.6,10,2,20.0,0,9.2
https://fbref.com/en/players/53af52f3,Kasper Schmeichel,2017-2018,2017-10-05,Thu,WCQ — UEFA (M),First round,Away,W 1–0,dk Denmark,me Montenegro,Y,GK,90,,0,,,1,,0,0,0,0,,,,,,,,,,,,,,,
https://fbref.com/en/players/53af52f3,Kasper Schmeichel,2017-2018,2017-10-08,Sun,WCQ — UEFA (M),First round,Home,D 1–1,dk Denmark,ro Romania,Y,GK,90,,1,,,0,,0,0,0,0,,,,,,,,,,,,,,,
https://fbref.com/en/players/53af52f3,Kasper Schmeichel,2017-2018,2017-10-16,Mon,Premier League,Matchweek 8,Home,D 1–1,Leicester City,West Brom,Y,GK,90,1,1,0,0.0,0,0.2,0,0,0,0,8,12,66.7,20,3,50.0,38.6,2,100.0,61.5,7,1,14.3,3,24.4
https://fbref.com/en/players/53af52f3,Kasper Schmeichel,2017-2018,2017-10-21,Sat,Premier League,Matchweek 9,Away,W 2–1,Leicester City,Swansea City,Y,GK,90,4,1,3,75.0,0,1.1,0,0,0,0,13,30,43.3,23,3,78.3,56.6,13,92.3,66.4,14,1,7.1,0,15.3
https://fbref.com/en/players/53af52f3,Kasper Schmeichel,2017-2018,2017-10-29,Sun,Premier League,Matchweek 10,Home,W 2–0,Leicester City,Everton,Y,GK,90,2,0,2,100.0,1,0.4,0,0,0,0,14,34,41.2,28,1,82.1,52.3,11,100.0,71.4,13,0,0.0,0,12.8
https://fbref.com/en/players/53af52f3,Kasper Schmeichel,2017-2018,2017-11-04,Sat,Premier League,Matchweek 11,Away,D 2–2,Leicester City,Stoke City,Y,GK,90,7,2,5,71.4,0,2.0,0,0,0,0,2,11,18.2,15,4,40.0,36.1,5,100.0,71.4,7,1,14.3,0,4.8
https://fbref.com/en/players/53af52f3,Kasper Schmeichel,2017-2018,2017-11-11,Sat,WCQ — UEFA (M),Second round,Home,D 0–0,dk Denmark,ie Republic of Ireland,Y,GK,90,,0,,,1,,0,0,0,0,,,,,,,,,,,,,,,
https://fbref.com/en/players/53af52f3,Kasper Schmeichel,2017-2018,2017-11-14,Tue,WCQ — UEFA (M),Second round,Away,W 5–1,dk Denmark,ie Republic of Ireland,Y,GK,90,,1,,,0,,0,0,0,0,,,,,,,,,,,,,,,
https://fbref.com/en/players/53af52f3,Kasper Schmeichel,2017-2018,2017-11-18,Sat,Premier League,Matchweek 12,Home,L 0–2,Leicester City,Manchester City,Y,GK,90,4,2,2,50.0,0,1.9,0,0,0,0,10,26,38.5,16,1,81.3,55.0,13,100.0,71.5,6,1,16.7,1,12.3
https://fbref.com/en/players/53af52f3,Kasper Schmeichel,2017-2018,2017-11-24,Fri,Premier League,Matchweek 13,Away,D 1–1,Leicester City,West Ham,Y,GK,90,4,1,3,75.0,0,1.8,0,0,0,0,11,27,40.7,31,3,64.5,48.6,9,77.8,63.3,13,0,0.0,1,15.7
https://fbref.com/en/players/53af52f3,Kasper Schmeichel,2017-2018,2017-11-28,Tue,Premier League,Matchweek 14,Home,W 2–1,Leicester City,Tottenham,Y,GK,90,6,1,5,83.3,0,1.6,0,0,0,0,6,27,22.2,21,4,71.4,58.6,13,92.3,65.9,11,0,0.0,0,10.9
https://fbref.com/en/players/53af52f3,Kasper Schmeichel,2017-2018,2017-12-02,Sat,Premier League,Matchweek 15,Home,W 1–0,Leicester City,Burnley,Y,GK,90,5,0,5,100.0,1,0.4,0,0,0,0,13,33,39.4,29,2,82.8,56.0,9,100.0,69.3,12,1,8.3,0,13.0
https://fbref.com/en/players/53af52f3,Kasper Schmeichel,2017-2018,2017-12-09,Sat,Premier League,Matchweek 16,Away,W 3–2,Leicester City,Newcastle Utd,Y,GK,90,4,2,2,50.0,0,1.2,0,0,0,0,14,28,50.0,28,0,78.6,49.9,7,85.7,60.9,5,1,20.0,1,19.0
https://fbref.com/en/players/53af52f3,Kasper Schmeichel,2017-2018,2017-12-13,Wed,Premier League,Matchweek 17,Away,W 4–1,Leicester City,Southampton,Y,GK,90,4,1,3,75.0,0,1.7,0,0,0,0,12,28,42.9,31,4,67.7,54.4,7,100.0,73.4,9,1,11.1,1,11.3
https://fbref.com/en/players/53af52f3,Kasper Schmeichel,2017-2018,2017-12-16,Sat,Premier League,Matchweek 18,Home,L 0–3,Leicester City,Crystal Palace,Y,GK,90,6,3,3,50.0,0,2.2,0,0,0,0,12,16,75.0,22,3,59.1,46.4,5,60.0,48.8,4,1,25.0,2,31.4
https://fbref.com/en/players/53af52f3,Kasper Schmeichel,2017-2018,2017-12-23,Sat,Premier League,Matchweek 19,Home,D 2–2,Leicester City,Manchester Utd,Y,GK,90,6,2,4,66.7,0,1.5,0,0,0,0,10,27,37.0,27,4,63.0,53.5,10,100.0,75.1,8,2,25.0,1,12.8
https://fbref.com/en/players/53af52f3,Kasper Schmeichel,2017-2018,2017-12-26,Tue,Premier League,Matchweek 20,Away,L 1–2,Leicester City,Watford,Y,GK,90,1,2,0,-100.0,0,0.9,0,0,0,0,12,24,50.0,24,1,75.0,54.7,6,100.0,73.3,10,0,0.0,1,11.6
https://fbref.com/en/players/53af52f3,Kasper Schmeichel,2017-2018,2017-12-30,Sat,Premier League,Matchweek 21,Away,L 1–2,Leicester City,Liverpool,Y,GK,90,6,2,4,66.7,0,1.0,0,0,0,0,9,36,25.0,29,2,79.3,58.7,13,100.0,76.5,7,1,14.3,1,16.8
https://fbref.com/en/players/53af52f3,Kasper Schmeichel,2017-2018,2018-01-01,Mon,Premier League,Matchweek 22,Home,W 3–0,Leicester City,Huddersfield,Y,GK,90,1,0,1,100.0,1,0.0,0,0,0,0,8,22,36.4,32,2,56.3,45.4,5,80.0,65.8,8,0,0.0,0,12.7
https://fbref.com/en/players/53af52f3,Kasper Schmeichel,2017-2018,2018-01-13,Sat,Premier League,Matchweek 23,Away,D 0–0,Leicester City,Chelsea,Y*,GK,90,7,0,7,100.0,1,0.8,0,0,0,0,11,26,42.3,36,7,58.3,47.1,5,100.0,72.2,10,2,20.0,0,13.7
https://fbref.com/en/players/53af52f3,Kasper Schmeichel,2017-2018,2018-01-20,Sat,Premier League,Matchweek 24,Home,W 2–0,Leicester City,Watford,Y*,GK,90,3,0,3,100.0,1,0.6,0,0,0,0,11,23,47.8,29,3,55.2,44.1,7,100.0,75.0,10,1,10.0,0,11.2
https://fbref.com/en/players/53af52f3,Kasper Schmeichel,2017-2018,2018-01-31,Wed,Premier League,Matchweek 25,Away,L 1–2,Leicester City,Everton,Y*,GK,90,3,2,1,33.3,0,1.6,0,0,0,0,13,26,50.0,34,6,50.0,38.3,9,100.0,73.7,6,1,16.7,1,16.3
https://fbref.com/en/players/53af52f3,Kasper Schmeichel,2017-2018,2018-02-03,Sat,Premier League,Matchweek 26,Home,D 1–1,Leicester City,Swansea City,Y*,GK,90,1,1,0,0.0,0,0.7,0,0,0,0,2,10,20.0,23,1,34.8,35.2,3,66.7,53.0,5,0,0.0,4,42.0
https://fbref.com/en/players/53af52f3,Kasper Schmeichel,2017-2018,2018-02-10,Sat,Premier League,Matchweek 27,Away,L 1–5,Leicester City,Manchester City,Y,GK,90,10,5,5,50.0,0,2.5,0,0,0,0,13,32,40.6,35,4,65.7,47.2,10,90.0,68.6,12,1,8.3,0,14.1
https://fbref.com/en/players/53af52f3,Kasper Schmeichel,2017-2018,2018-02-16,Fri,FA Cup,Fifth round,Home,W 1–0,Leicester City,Sheffield Utd,Y,GK,90,1,0,1,100.0,1,,0,0,0,0,,,,,,,,,,,,,,,
https://fbref.com/en/players/53af52f3,Kasper Schmeichel,2017-2018,2018-02-24,Sat,Premier League,Matchweek 28,Home,D 1–1,Leicester City,Stoke City,Y,GK,90,2,1,1,50.0,0,0.5,0,0,0,0,13,28,46.4,33,4,66.7,48.9,8,75.0,58.4,2,1,50.0,2,22.4
https://fbref.com/en/players/53af52f3,Kasper Schmeichel,2017-2018,2018-03-03,Sat,Premier League,Matchweek 29,Home,D 1–1,Leicester City,Bournemouth,Y,GK,90,2,1,2,100.0,0,0.5,1,1,0,0,12,32,37.5,30,5,76.7,55.9,11,81.8,63.2,8,0,0.0,2,23.8
https://fbref.com/en/players/53af52f3,Kasper Schmeichel,2017-2018,2018-03-10,Sat,Premier League,Matchweek 30,Away,W 4–1,Leicester City,West Brom,Y,GK,90,2,1,0,50.0,0,0.8,0,0,0,0,1,13,7.7,12,3,41.7,42.8,8,100.0,79.6,7,0,0.0,1,15.8
https://fbref.com/en/players/53af52f3,Kasper Schmeichel,2017-2018,2018-03-18,Sun,FA Cup,Quarter-finals,Home,L 1–2,Leicester City,Chelsea,Y,GK,120,6,2,4,66.7,0,,0,0,0,0,,,,,,,,,,,,,,,
https://fbref.com/en/players/53af52f3,Kasper Schmeichel,2017-2018,2018-03-22,Thu,Friendlies (M),Friendlies (M),Home,W 1–0,dk Denmark,pa Panama,Y,GK,90,,0,,,1,,0,0,0,0,,,,,,,,,,,,,,,
https://fbref.com/en/players/53af52f3,Kasper Schmeichel,2017-2018,2018-03-27,Tue,Friendlies (M),Friendlies (M),Home,D 0–0,dk Denmark,cl Chile,Y,GK,90,,0,,,1,,0,0,0,0,,,,,,,,,,,,,,,
https://fbref.com/en/players/53af52f3,Kasper Schmeichel,2017-2018,2018-03-31,Sat,Premier League,Matchweek 32,Away,W 2–0,Leicester City,Brighton,Y,GK,90,2,0,2,100.0,1,1.0,1,0,1,0,4,24,16.7,16,2,68.8,46.5,14,92.9,69.9,10,0,0.0,0,18.0
https://fbref.com/en/players/53af52f3,Kasper Schmeichel,2017-2018,2018-04-07,Sat,Premier League,Matchweek 33,Home,L 1–2,Leicester City,Newcastle Utd,Y,GK,90,4,2,2,50.0,0,1.2,0,0,0,0,4,16,25.0,27,6,40.7,39.7,6,83.3,74.2,4,0,0.0,2,17.0
https://fbref.com/en/players/53af52f3,Kasper Schmeichel,2017-2018,2018-04-14,Sat,Premier League,Matchweek 34,Away,L 1–2,Leicester City,Burnley,Y,GK,85,3,2,1,33.3,0,1.0,0,0,0,0,7,20,35.0,18,1,72.2,54.9,7,100.0,76.0,5,1,20.0,2,26.4
https://fbref.com/en/players/53af52f3,Kasper Schmeichel,2017-2018,2018-06-02,Sat,Friendlies (M),Friendlies (M),Away,D 0–0,dk Denmark,se Sweden,Y,GK,90,,0,,,1,,0,0,0,0,,,,,,,,,,,,,,,
https://fbref.com/en/players/53af52f3,Kasper Schmeichel,2017-2018,2018-06-09,Sat,Friendlies (M),Friendlies (M),Home,W 2–0,dk Denmark,mx Mexico,Y,GK,90,,0,,,1,,0,0,0,0,,,,,,,,,,,,,,,
https://fbref.com/en/players/53af52f3,Kasper Schmeichel,2017-2018,2018-06-16,Sat,FIFA World Cup,Group stage,Neutral,W 1–0,dk Denmark,pe Peru,Y,GK,90,6,0,6,100.0,1,0.9,1,0,0,1,9,20,45.0,19,1,63.2,48.1,9,88.9,79.6,11,1,9.1,0,9.0
https://fbref.com/en/players/53af52f3,Kasper Schmeichel,2017-2018,2018-06-21,Thu,FIFA World Cup,Group stage,Neutral,D 1–1,dk Denmark,au Australia,Y,GK,90,4,1,4,100.0,0,1.4,1,1,0,0,5,11,45.5,12,3,58.3,46.0,5,80.0,64.4,12,0,0.0,0,18.0
https://fbref.com/en/players/53af52f3,Kasper Schmeichel,2017-2018,2018-06-26,Tue,FIFA World Cup,Group stage,Neutral,D 0–0,dk Denmark,fr France,Y,GK,90,4,0,4,100.0,1,0.8,0,0,0,0,7,28,25.0,25,0,88.0,65.9,6,100.0,79.0,14,1,7.1,0,13.3
https://fbref.com/en/players/53af52f3,Kasper Schmeichel,2018-2019,2018-07-01,Sun,FIFA World Cup,Round of 16,Neutral,D 1 (2)–1 (3),dk Denmark,hr Croatia,Y,GK,120,5,1,4,80.0,0,1.7,1,0,1,0,17,34,50.0,37,5,75.7,55.1,9,66.7,55.8,15,0,0.0,2,20.1
https://fbref.com/en/players/53af52f3,Kasper Schmeichel,2018-2019,2018-08-10,Fri,Premier League,Matchweek 1,Away,L 1–2,Leicester City,Manchester Utd,Y,GK,90,5,2,4,80.0,0,1.6,1,1,0,0,7,12,58.3,23,9,39.1,36.9,4,75.0,62.8,11,0,0.0,1,14.1
https://fbref.com/en/players/53af52f3,Kasper Schmeichel,2018-2019,2018-08-18,Sat,Premier League,Matchweek 2,Home,W 2–0,Leicester City,Wolves,Y*,GK,90,2,0,2,100.0,1,0.2,0,0,0,0,8,22,36.4,24,6,58.3,46.8,12,66.7,53.8,11,1,9.1,0,12.3
https://fbref.com/en/players/53af52f3,Kasper Schmeichel,2018-2019,2018-08-25,Sat,Premier League,Matchweek 3,Away,W 2–1,Leicester City,Southampton,Y,GK,90,5,1,4,80.0,0,1.2,0,0,0,0,4,14,28.6,19,3,57.9,47.5,7,42.9,45.6,16,1,6.3,0,11.5
https://fbref.com/en/players/53af52f3,Kasper Schmeichel,2018-2019,2018-09-01,Sat,Premier League,Matchweek 4,Home,L 1–2,Leicester City,Liverpool,Y,GK,90,4,2,2,50.0,0,1.3,0,0,0,0,5,8,62.5,19,0,36.8,34.2,4,25.0,29.3,3,0,0.0,0,8.0
https://fbref.com/en/players/53af52f3,Kasper Schmeichel,2018-2019,2018-09-09,Sun,UEFA Nations League,League B,Home,W 2–0,dk Denmark,wls Wales,Y,GK,90,,0,,,1,,0,0,0,0,,,,,,,,,,,,,,,
https://fbref.com/en/players/53af52f3,Kasper Schmeichel,2018-2019,2018-09-15,Sat,Premier League,Matchweek 5,Away,L 2–4,Leicester City,Bournemouth,Y,GK,90,4,4,1,25.0,0,2.8,1,1,0,0,8,20,40.0,22,2,54.5,43.3,8,100.0,70.5,5,2,40.0,2,22.7
https://fbref.com/en/players/53af52f3,Kasper Schmeichel,2018-2019,2018-09-22,Sat,Premier League,Matchweek 6,Home,W 3–1,Leicester City,Huddersfield,Y*,GK,90,2,1,1,50.0,0,0.9,0,0,0,0,8,13,61.5,22,4,40.9,33.3,6,66.7,56.2,10,0,0.0,0,11.0
https://fbref.com/en/players/53af52f3,Kasper Schmeichel,2018-2019,2018-09-29,Sat,Premier League,Matchweek 7,Away,W 2–0,Leicester City,Newcastle Utd,Y,GK,90,1,0,1,100.0,1,0.1,0,0,0,0,17,28,60.7,33,5,66.7,46.0,8,75.0,56.6,7,2,28.6,1,15.3
https://fbref.com/en/players/53af52f3,Kasper Schmeichel,2018-2019,2018-10-06,Sat,Premier League,Matchweek 8,Home,L 1–2,Leicester City,Everton,Y,GK,90,8,2,6,75.0,0,1.7,0,0,0,0,6,20,30.0,25,2,60.0,45.5,7,71.4,55.9,8,0,0.0,0,15.0
https://fbref.com/en/players/53af52f3,Kasper Schmeichel,2018-2019,2018-10-13,Sat,UEFA Nations League,League B,Away,D 0–0,dk Denmark,ie Republic of Ireland,Y,GK,90,,0,,,1,,0,0,0,0,,,,,,,,,,,,,,,
https://fbref.com/en/players/53af52f3,Kasper Schmeichel,2018-2019,2018-10-16,Tue,Friendlies (M),Friendlies (M),Home,W 2–0,dk Denmark,at Austria,Y,GK,90,,0,,,1,,0,0,0,0,,,,,,,,,,,,,,,
https://fbref.com/en/players/53af52f3,Kasper Schmeichel,2018-2019,2018-10-22,Mon,Premier League,Matchweek 9,Away,L 1–3,Leicester City,Arsenal,Y*,GK,90,7,3,4,57.1,0,3.8,0,0,0,0,10,18,55.6,14,3,64.3,47.6,12,75.0,55.1,5,1,20.0,0,11.3
https://fbref.com/en/players/53af52f3,Kasper Schmeichel,2018-2019,2018-10-27,Sat,Premier League,Matchweek 10,Home,D 1–1,Leicester City,West Ham,Y*,GK,90,3,1,2,66.7,0,1.1,0,0,0,0,7,7,100.0,18,3,22.2,27.6,5,60.0,49.8,4,0,0.0,0,17.5
https://fbref.com/en/players/53af52f3,Kasper Schmeichel,2018-2019,2018-11-03,Sat,Premier League,Matchweek 11,Away,W 1–0,Leicester City,Cardiff City,Y,GK,90,3,0,3,100.0,1,0.6,0,0,0,0,12,21,57.1,30,3,50.0,41.3,10,60.0,49.5,9,1,11.1,0,9.3
https://fbref.com/en/players/53af52f3,Kasper Schmeichel,2018-2019,2018-11-10,Sat,Premier League,Matchweek 12,Home,D 0–0,Leicester City,Burnley,Y,GK,90,1,0,1,100.0,1,0.5,0,0,0,0,6,15,40.0,29,6,37.9,38.9,4,100.0,77.3,7,2,28.6,1,18.2
https://fbref.com/en/players/53af52f3,Kasper Schmeichel,2018-2019,2018-11-16,Fri,UEFA Nations League,League B,Away,W 2–1,dk Denmark,wls Wales,Y,GK,90,,1,,,0,,0,0,0,0,,,,,,,,,,,,,,,
https://fbref.com/en/players/53af52f3,Kasper Schmeichel,2018-2019,2018-11-24,Sat,Premier League,Matchweek 13,Away,D 1–1,Leicester City,Brighton,Y,GK,90,3,1,2,66.7,0,1.4,0,0,0,0,14,22,63.6,29,0,51.7,44.0,7,100.0,73.7,8,0,0.0,0,11.0
https://fbref.com/en/players/53af52f3,Kasper Schmeichel,2018-2019,2018-12-01,Sat,Premier League,Matchweek 14,Home,W 2–0,Leicester City,Watford,Y,GK,90,0,0,0,,1,0.0,0,0,0,0,8,22,36.4,19,4,47.4,46.5,13,100.0,75.3,16,3,18.8,0,10.0
https://fbref.com/en/players/53af52f3,Kasper Schmeichel,2018-2019,2018-12-05,Wed,Premier League,Matchweek 15,Away,D 1–1,Leicester City,Fulham,Y,GK,90,6,1,5,83.3,0,0.8,0,0,0,0,15,31,48.4,40,2,55.0,49.9,11,81.8,69.8,9,1,11.1,2,15.9
https://fbref.com/en/players/53af52f3,Kasper Schmeichel,2018-2019,2018-12-08,Sat,Premier League,Matchweek 16,Home,L 0–2,Leicester City,Tottenham,Y,GK,90,2,2,0,0.0,0,1.3,0,0,0,0,14,25,56.0,30,3,60.0,41.4,9,77.8,49.9,6,0,0.0,0,7.0
https://fbref.com/en/players/53af52f3,Kasper Schmeichel,2018-2019,2018-12-15,Sat,Premier League,Matchweek 17,Away,L 0–1,Leicester City,Crystal Palace,Y,GK,90,1,1,0,0.0,0,0.3,0,0,0,0,10,15,66.7,21,1,52.4,42.7,10,40.0,38.4,4,0,0.0,0,10.0
https://fbref.com/en/players/53af52f3,Kasper Schmeichel,2018-2019,2018-12-22,Sat,Premier League,Matchweek 18,Away,W 1–0,Leicester City,Chelsea,Y,GK,90,5,0,5,100.0,1,0.5,0,0,0,0,19,33,57.6,21,2,85.7,62.1,16,93.8,65.0,15,1,6.7,1,13.3
https://fbref.com/en/players/53af52f3,Kasper Schmeichel,2018-2019,2018-12-26,Wed,Premier League,Matchweek 19,Home,W 2–1,Leicester City,Manchester City,Y,GK,90,4,1,3,75.0,0,1.0,0,0,0,0,16,31,51.6,26,4,84.6,54.7,11,81.8,61.3,15,0,0.0,0,9.1
https://fbref.com/en/players/53af52f3,Kasper Schmeichel,2018-2019,2018-12-29,Sat,Premier League,Matchweek 20,Home,L 0–1,Leicester City,Cardiff City,Y*,GK,90,3,1,2,66.7,0,1.0,0,0,0,0,7,16,43.8,23,3,34.8,38.0,9,88.9,55.7,10,1,10.0,0,12.0
https://fbref.com/en/players/53af52f3,Kasper Schmeichel,2018-2019,2019-01-01,Tue,Premier League,Matchweek 21,Away,W 1–0,Leicester City,Everton,Y*,GK,90,2,0,2,100.0,1,0.4,0,0,0,0,8,23,34.8,16,2,68.8,51.3,12,100.0,68.3,13,0,0.0,1,13.7
https://fbref.com/en/players/53af52f3,Kasper Schmeichel,2018-2019,2019-01-12,Sat,Premier League,Matchweek 22,Home,L 1–2,Leicester City,Southampton,Y,GK,90,2,2,1,50.0,0,1.0,1,1,0,0,13,19,68.4,23,2,69.6,47.5,5,60.0,46.0,2,0,0.0,0,5.0
https://fbref.com/en/players/53af52f3,Kasper Schmeichel,2018-2019,2019-01-19,Sat,Premier League,Matchweek 23,Away,L 3–4,Leicester City,Wolves,Y,GK,90,7,4,3,42.9,0,2.8,0,0,0,0,11,23,47.8,30,8,66.7,46.8,3,100.0,68.3,9,0,0.0,1,11.4
https://fbref.com/en/players/53af52f3,Kasper Schmeichel,2018-2019,2019-01-30,Wed,Premier League,Matchweek 24,Away,D 1–1,Leicester City,Liverpool,Y*,GK,90,3,1,2,66.7,0,1.2,0,0,0,0,4,24,16.7,16,1,93.8,62.6,10,90.0,69.5,13,0,0.0,0,9.5
https://fbref.com/en/players/53af52f3,Kasper Schmeichel,2018-2019,2019-02-03,Sun,Premier League,Matchweek 25,Home,L 0–1,Leicester City,Manchester Utd,Y*,GK,90,5,1,4,80.0,0,0.7,0,0,0,0,5,14,35.7,14,3,64.3,41.1,8,62.5,49.3,5,0,0.0,1,16.6
https://fbref.com/en/players/53af52f3,Kasper Schmeichel,2018-2019,2019-02-10,Sun,Premier League,Matchweek 26,Away,L 1–3,Leicester City,Tottenham,Y*,GK,90,5,3,2,40.0,0,1.4,0,0,0,0,10,19,52.6,20,1,75.0,53.2,4,100.0,64.3,12,0,0.0,0,12.5
https://fbref.com/en/players/53af52f3,Kasper Schmeichel,2018-2019,2019-02-23,Sat,Premier League,Matchweek 27,Home,L 1–4,Leicester City,Crystal Palace,Y*,GK,90,4,4,1,25.0,0,2.0,1,1,0,0,1,2,50.0,5,0,20.0,32.6,2,50.0,47.0,4,0,0.0,1,24.0
https://fbref.com/en/players/53af52f3,Kasper Schmeichel,2018-2019,2019-02-26,Tue,Premier League,Matchweek 28,Home,W 2–1,Leicester City,Brighton,Y*,GK,90,3,1,2,66.7,0,1.4,0,0,0,0,6,14,42.9,16,2,37.5,38.6,11,72.7,56.5,13,2,15.4,0,13.3
https://fbref.com/en/players/53af52f3,Kasper Schmeichel,2018-2019,2019-03-03,Sun,Premier League,Matchweek 29,Away,L 1–2,Leicester City,Watford,Y,GK,90,5,2,3,60.0,0,1.8,0,0,0,0,8,15,53.3,24,3,45.8,38.0,5,80.0,51.0,10,0,0.0,2,16.5
https://fbref.com/en/players/53af52f3,Kasper Schmeichel,2018-2019,2019-03-09,Sat,Premier League,Matchweek 30,Home,W 3–1,Leicester City,Fulham,Y*,GK,90,3,1,2,66.7,0,1.0,0,0,0,0,7,10,70.0,19,1,26.3,31.2,6,83.3,58.2,6,0,0.0,0,
https://fbref.com/en/players/53af52f3,Kasper Schmeichel,2018-2019,2019-03-16,Sat,Premier League,Matchweek 31,Away,W 2–1,Leicester City,Burnley,Y*,GK,90,4,1,3,75.0,0,1.2,0,0,0,0,8,39,20.5,28,2,75.0,52.5,20,90.0,68.5,22,2,9.1,0,11.3
https://fbref.com/en/players/53af52f3,Kasper Schmeichel,2018-2019,2019-03-21,Thu,Friendlies (M),Friendlies (M),Away,D 2–2,dk Denmark,xk Kosovo,Y*,GK,90,,2,,,0,,0,0,0,0,,,,,,,,,,,,,,,
https://fbref.com/en/players/53af52f3,Kasper Schmeichel,2018-2019,2019-03-26,Tue,Euro Qualifying,Group stage,Away,D 3–3,dk Denmark,ch Switzerland,Y,GK,90,3,3,0,0.0,0,,0,0,0,0,,,,,,,,,,,,,,,
https://fbref.com/en/players/53af52f3,Kasper Schmeichel,2018-2019,2019-03-30,Sat,Premier League,Matchweek 32,Home,W 2–0,Leicester City,Bournemouth,Y,GK,90,2,0,2,100.0,1,0.9,0,0,0,0,13,24,54.2,42,6,47.6,40.4,8,50.0,50.4,7,3,42.9,0,11.8
https://fbref.com/en/players/53af52f3,Kasper Schmeichel,2018-2019,2019-04-06,Sat,Premier League,Matchweek 33,Away,W 4–1,Leicester City,Huddersfield,Y,GK,90,3,1,3,100.0,0,1.7,1,1,0,0,11,21,52.4,38,1,44.7,35.9,6,66.7,47.8,7,0,0.0,0,14.3
https://fbref.com/en/players/53af52f3,Kasper Schmeichel,2018-2019,2019-04-12,Fri,Premier League,Matchweek 34,Home,L 0–1,Leicester City,Newcastle Utd,Y,GK,90,5,1,4,80.0,0,1.1,0,0,0,0,5,9,55.6,26,5,30.8,32.2,2,50.0,61.0,7,2,28.6,0,11.7
https://fbref.com/en/players/53af52f3,Kasper Schmeichel,2018-2019,2019-04-20,Sat,Premier League,Matchweek 35,Away,D 2–2,Leicester City,West Ham,Y*,GK,90,3,2,1,33.3,0,2.1,0,0,0,0,8,12,66.7,22,7,36.4,33.0,7,57.1,43.6,15,3,20.0,0,11.7
https://fbref.com/en/players/53af52f3,Kasper Schmeichel,2018-2019,2019-04-28,Sun,Premier League,Matchweek 36,Home,W 3–0,Leicester City,Arsenal,Y*,GK,90,1,0,1,100.0,1,0.3,0,0,0,0,3,6,50.0,28,5,17.9,28.0,5,20.0,37.8,4,1,25.0,1,28.8
https://fbref.com/en/players/53af52f3,Kasper Schmeichel,2018-2019,2019-05-06,Mon,Premier League,Matchweek 37,Away,L 0–1,Leicester City,Manchester City,Y*,GK,90,5,1,4,80.0,0,1.4,0,0,0,0,20,34,58.8,31,2,54.8,42.0,19,89.5,54.7,9,0,0.0,0,7.5
https://fbref.com/en/players/53af52f3,Kasper Schmeichel,2018-2019,2019-05-12,Sun,Premier League,Matchweek 38,Home,D 0–0,Leicester City,Chelsea,Y*,GK,90,4,0,4,100.0,1,0.5,0,0,0,0,6,15,40.0,35,3,31.4,31.3,9,44.4,45.7,9,0,0.0,0,11.3
https://fbref.com/en/players/53af52f3,Kasper Schmeichel,2018-2019,2019-06-07,Fri,Euro Qualifying,Group stage,Home,D 1–1,dk Denmark,ie Republic of Ireland,Y,GK,90,4,1,3,75.0,0,,0,0,0,0,,,,,,,,,,,,,,,
https://fbref.com/en/players/53af52f3,Kasper Schmeichel,2018-2019,2019-06-10,Mon,Euro Qualifying,Group stage,Home,W 5–1,dk Denmark,ge Georgia,Y,GK,90,2,1,1,50.0,0,,0,0,0,0,,,,,,,,,,,,,,,
https://fbref.com/en/players/53af52f3,Kasper Schmeichel,2019-2020,2019-08-11,Sun,Premier League,Matchweek 1,Home,D 0–0,Leicester City,Wolves,Y*,GK,90,2,0,2,100.0,1,0.3,0,0,0,0,5,7,71.4,17,2,23.5,30.7,7,42.9,33.3,1,0,0.0,0,
https://fbref.com/en/players/53af52f3,Kasper Schmeichel,2019-2020,2019-08-18,Sun,Premier League,Matchweek 2,Away,D 1–1,Leicester City,Chelsea,Y*,GK,90,5,1,4,80.0,0,0.6,0,0,0,0,8,17,47.1,30,5,30.0,32.9,9,88.9,56.7,10,0,0.0,0,10.7
https://fbref.com/en/players/53af52f3,Kasper Schmeichel,2019-2020,2019-08-24,Sat,Premier League,Matchweek 3,Away,W 2–1,Leicester City,Sheffield Utd,Y*,GK,90,3,1,2,66.7,0,1.2,0,0,0,0,5,13,38.5,28,4,28.6,38.5,12,41.7,39.7,19,1,5.3,0,11.2
https://fbref.com/en/players/53af52f3,Kasper Schmeichel,2019-2020,2019-08-28,Wed,EFL Cup,Second round,Away,D 1 (4)–1 (2),Leicester City,Newcastle Utd,Y,GK,120,2,1,1,50.0,0,,0,0,0,0,,,,,,,,,,,,,,,
https://fbref.com/en/players/53af52f3,Kasper Schmeichel,2019-2020,2019-08-31,Sat,Premier League,Matchweek 4,Home,W 3–1,Leicester City,Bournemouth,Y*,GK,90,2,1,1,50.0,0,0.8,0,0,0,0,3,15,20.0,28,3,35.7,38.0,6,83.3,64.8,6,1,16.7,1,14.0
https://fbref.com/en/players/53af52f3,Kasper Schmeichel,2019-2020,2019-09-05,Thu,Euro Qualifying,Group stage,Away,W 6–0,dk Denmark,gi Gibraltar,Y,GK,90,2,0,2,100.0,1,,0,0,0,0,,,,,,,,,,,,,,,
https://fbref.com/en/players/53af52f3,Kasper Schmeichel,2019-2020,2019-09-08,Sun,Euro Qualifying,Group stage,Away,D 0–0,dk Denmark,ge Georgia,Y,GK,90,1,0,1,100.0,1,,0,0,0,0,,,,,,,,,,,,,,,
https://fbref.com/en/players/53af52f3,Kasper Schmeichel,2019-2020,2019-09-14,Sat,Premier League,Matchweek 5,Away,L 0–1,Leicester City,Manchester Utd,Y*,GK,90,4,1,4,100.0,0,1.1,1,1,0,0,10,17,58.8,28,3,46.4,38.6,7,57.1,49.4,3,0,0.0,0,10.5
https://fbref.com/en/players/53af52f3,Kasper Schmeichel,2019-2020,2019-09-21,Sat,Premier League,Matchweek 6,Home,W 2–1,Leicester City,Tottenham,Y*,GK,90,5,1,4,80.0,0,1.0,0,0,0,0,12,20,60.0,28,9,57.1,43.5,9,44.4,41.8,15,0,0.0,0,10.1
https://fbref.com/en/players/53af52f3,Kasper Schmeichel,2019-2020,2019-09-29,Sun,Premier League,Matchweek 7,Home,W 5–0,Leicester City,Newcastle Utd,Y*,GK,90,0,0,0,,1,0.0,0,0,0,0,1,3,33.3,16,3,18.8,27.1,6,0.0,19.0,6,0,0.0,0,14.4
https://fbref.com/en/players/53af52f3,Kasper Schmeichel,2019-2020,2019-10-05,Sat,Premier League,Matchweek 8,Away,L 1–2,Leicester City,Liverpool,Y*,GK,90,7,2,6,85.7,0,2.7,1,1,0,0,13,24,54.2,31,7,54.8,40.3,9,77.8,63.6,10,0,0.0,2,16.2
https://fbref.com/en/players/53af52f3,Kasper Schmeichel,2019-2020,2019-10-12,Sat,Euro Qualifying,Group stage,Home,W 1–0,dk Denmark,ch Switzerland,Y,GK,90,5,0,4,100.0,1,,0,0,0,0,,,,,,,,,,,,,,,
https://fbref.com/en/players/53af52f3,Kasper Schmeichel,2019-2020,2019-10-15,Tue,Friendlies (M),Friendlies (M),Home,W 4–0,dk Denmark,lu Luxembourg,Y,GK,90,,0,,,1,,0,0,0,0,,,,,,,,,,,,,,,
https://fbref.com/en/players/53af52f3,Kasper Schmeichel,2019-2020,2019-10-19,Sat,Premier League,Matchweek 9,Home,W 2–1,Leicester City,Burnley,Y*,GK,90,4,1,3,75.0,0,1.8,0,0,0,0,6,12,50.0,28,6,32.1,37.1,6,50.0,48.0,6,0,0.0,1,18.6
https://fbref.com/en/players/53af52f3,Kasper Schmeichel,2019-2020,2019-10-25,Fri,Premier League,Matchweek 10,Away,W 9–0,Leicester City,Southampton,Y*,GK,90,3,0,3,100.0,1,0.3,0,0,0,0,4,5,80.0,15,6,26.7,31.3,7,14.3,23.0,4,1,25.0,0,21.5
https://fbref.com/en/players/53af52f3,Kasper Schmeichel,2019-2020,2019-11-03,Sun,Premier League,Matchweek 11,Away,W 2–0,Leicester City,Crystal Palace,Y*,GK,90,3,0,3,100.0,1,0.4,0,0,0,0,9,14,64.3,24,6,50.0,39.4,7,28.6,24.6,7,0,0.0,0,9.0
https://fbref.com/en/players/53af52f3,Kasper Schmeichel,2019-2020,2019-11-09,Sat,Premier League,Matchweek 12,Home,W 2–0,Leicester City,Arsenal,Y*,GK,90,1,0,1,100.0,1,0.1,0,0,0,0,5,9,55.6,17,5,47.1,33.6,5,20.0,31.4,10,0,0.0,1,18.0
https://fbref.com/en/players/53af52f3,Kasper Schmeichel,2019-2020,2019-11-15,Fri,Euro Qualifying,Group stage,Home,W 6–0,dk Denmark,gi Gibraltar,Y,GK,90,0,0,0,,1,,0,0,0,0,,,,,,,,,,,,,,,
https://fbref.com/en/players/53af52f3,Kasper Schmeichel,2019-2020,2019-11-18,Mon,Euro Qualifying,Group stage,Away,D 1–1,dk Denmark,ie Republic of Ireland,Y,GK,90,3,1,2,66.7,0,,0,0,0,0,,,,,,,,,,,,,,,
https://fbref.com/en/players/53af52f3,Kasper Schmeichel,2019-2020,2019-11-23,Sat,Premier League,Matchweek 13,Away,W 2–0,Leicester City,Brighton,Y*,GK,90,0,0,0,,1,0.0,0,0,0,0,4,16,25.0,20,2,55.0,43.5,7,71.4,58.0,11,0,0.0,0,20.3
https://fbref.com/en/players/53af52f3,Kasper Schmeichel,2019-2020,2019-12-01,Sun,Premier League,Matchweek 14,Home,W 2–1,Leicester City,Everton,Y*,GK,90,3,1,2,66.7,0,0.5,0,0,0,0,3,6,50.0,24,5,20.8,30.7,6,16.7,24.0,6,0,0.0,3,21.3
https://fbref.com/en/players/53af52f3,Kasper Schmeichel,2019-2020,2019-12-04,Wed,Premier League,Matchweek 15,Home,W 2–0,Leicester City,Watford,Y*,GK,90,1,0,1,100.0,1,0.0,0,0,0,0,6,11,54.5,21,3,33.3,34.2,8,50.0,40.9,9,0,0.0,1,17.5
https://fbref.com/en/players/53af52f3,Kasper Schmeichel,2019-2020,2019-12-08,Sun,Premier League,Matchweek 16,Away,W 4–1,Leicester City,Aston Villa,Y*,GK,90,2,1,1,50.0,0,1.0,0,0,0,0,9,16,56.3,19,1,52.6,46.0,8,75.0,50.9,16,1,6.3,1,16.7
https://fbref.com/en/players/53af52f3,Kasper Schmeichel,2019-2020,2019-12-14,Sat,Premier League,Matchweek 17,Home,D 1–1,Leicester City,Norwich City,Y*,GK,90,3,1,2,66.7,0,1.1,0,0,0,0,6,14,42.9,26,1,46.2,38.1,4,50.0,38.8,5,0,0.0,1,25.7
https://fbref.com/en/players/53af52f3,Kasper Schmeichel,2019-2020,2019-12-18,Wed,EFL Cup,Quarter-finals,Away,D 2 (4)–2 (2),Leicester City,Everton,Y,GK,120,3,2,1,33.3,0,,0,0,0,0,,,,,,,,,,,,,,,
https://fbref.com/en/players/53af52f3,Kasper Schmeichel,2019-2020,2019-12-21,Sat,Premier League,Matchweek 18,Away,L 1–3,Leicester City,Manchester City,Y*,GK,90,11,3,9,81.8,0,4.3,1,1,0,0,2,9,22.2,30,5,30.0,35.1,8,0.0,17.3,10,0,0.0,0,11.0
https://fbref.com/en/players/53af52f3,Kasper Schmeichel,2019-2020,2019-12-26,Thu,Premier League,Matchweek 19,Home,L 0–4,Leicester City,Liverpool,Y*,GK,90,5,4,2,40.0,0,2.6,1,1,0,0,10,18,55.6,30,6,46.7,36.1,9,44.4,34.6,12,0,0.0,1,13.4
https://fbref.com/en/players/53af52f3,Kasper Schmeichel,2019-2020,2019-12-28,Sat,Premier League,Matchweek 20,Away,W 2–1,Leicester City,West Ham,Y,GK,90,4,1,3,75.0,0,0.7,0,0,0,0,7,15,46.7,29,4,37.9,36.3,7,57.1,48.3,7,0,0.0,1,14.3
https://fbref.com/en/players/53af52f3,Kasper Schmeichel,2019-2020,2020-01-01,Wed,Premier League,Matchweek 21,Away,W 3–0,Leicester City,Newcastle Utd,Y*,GK,90,2,0,2,100.0,1,0.2,0,0,0,0,2,3,66.7,16,3,18.8,27.7,1,0.0,20.0,3,0,0.0,0,8.8
https://fbref.com/en/players/53af52f3,Kasper Schmeichel,2019-2020,2020-01-08,Wed,EFL Cup,Semi-finals,Home,D 1–1,Leicester City,Aston Villa,Y*,GK,90,1,1,0,0.0,0,,0,0,0,0,,,,,,,,,,,,,,,
https://fbref.com/en/players/53af52f3,Kasper Schmeichel,2019-2020,2020-01-11,Sat,Premier League,Matchweek 22,Home,L 1–2,Leicester City,Southampton,Y*,GK,90,8,2,6,75.0,0,2.2,0,0,0,0,6,15,40.0,26,4,38.5,37.0,6,83.3,56.7,7,0,0.0,1,20.4
https://fbref.com/en/players/53af52f3,Kasper Schmeichel,2019-2020,2020-01-19,Sun,Premier League,Matchweek 23,Away,L 1–2,Leicester City,Burnley,Y*,GK,90,5,2,3,60.0,0,2.0,0,0,0,0,7,18,38.9,30,3,43.3,40.8,7,71.4,44.6,9,1,11.1,3,28.1
https://fbref.com/en/players/53af52f3,Kasper Schmeichel,2019-2020,2020-01-22,Wed,Premier League,Matchweek 24,Home,W 4–1,Leicester City,West Ham,Y*,GK,90,1,1,1,100.0,0,1.5,1,1,0,0,3,6,50.0,22,4,18.2,31.5,4,50.0,27.5,3,0,0.0,0,9.2
https://fbref.com/en/players/53af52f3,Kasper Schmeichel,2019-2020,2020-01-28,Tue,EFL Cup,Semi-finals,Away,L 1–2,Leicester City,Aston Villa,Y*,GK,90,3,2,1,33.3,0,,0,0,0,0,,,,,,,,,,,,,,,
https://fbref.com/en/players/53af52f3,Kasper Schmeichel,2019-2020,2020-02-01,Sat,Premier League,Matchweek 25,Home,D 2–2,Leicester City,Chelsea,Y*,GK,90,3,2,1,33.3,0,0.8,0,0,0,0,4,10,40.0,38,2,23.7,29.7,6,16.7,26.8,7,0,0.0,0,16.5
https://fbref.com/en/players/53af52f3,Kasper Schmeichel,2019-2020,2020-02-14,Fri,Premier League,Matchweek 26,Away,D 0–0,Leicester City,Wolves,Y*,GK,90,3,0,3,100.0,1,0.1,0,0,0,0,3,11,27.3,18,3,33.3,33.8,10,50.0,42.6,11,1,9.1,0,14.0
https://fbref.com/en/players/53af52f3,Kasper Schmeichel,2019-2020,2020-02-22,Sat,Premier League,Matchweek 27,Home,L 0–1,Leicester City,Manchester City,Y*,GK,90,6,1,5,83.3,0,2.9,1,0,1,0,7,19,36.8,27,8,55.6,46.9,6,66.7,51.7,6,2,33.3,1,14.9
https://fbref.com/en/players/53af52f3,Kasper Schmeichel,2019-2020,2020-02-28,Fri,Premier League,Matchweek 28,Away,L 0–1,Leicester City,Norwich City,Y*,GK,90,6,1,5,83.3,0,0.8,0,0,0,0,4,10,40.0,24,5,41.7,38.8,4,0.0,17.0,6,1,16.7,2,27.6
https://fbref.com/en/players/53af52f3,Kasper Schmeichel,2019-2020,2020-03-04,Wed,FA Cup,Fifth round,Home,W 1–0,Leicester City,Birmingham City,Y*,GK,90,1,0,1,100.0,1,,0,0,0,0,,,,,,,,,,,,,,,
https://fbref.com/en/players/53af52f3,Kasper Schmeichel,2019-2020,2020-03-09,Mon,Premier League,Matchweek 29,Home,W 4–0,Leicester City,Aston Villa,Y*,GK,90,1,0,1,100.0,1,0.1,0,0,0,0,13,18,72.2,32,3,50.0,39.1,5,40.0,31.8,4,0,0.0,0,12.2
https://fbref.com/en/players/53af52f3,Kasper Schmeichel,2019-2020,2020-06-20,Sat,Premier League,Matchweek 30,Away,D 1–1,Leicester City,Watford,Y*,GK,90,4,1,3,75.0,0,1.2,0,0,0,0,2,7,28.6,20,6,25.0,31.1,6,33.3,33.3,14,0,0.0,0,8.5
https://fbref.com/en/players/53af52f3,Kasper Schmeichel,2019-2020,2020-06-23,Tue,Premier League,Matchweek 31,Home,D 0–0,Leicester City,Brighton,Y*,GK,90,1,0,1,100.0,1,1.0,1,0,1,0,4,8,50.0,15,3,40.0,35.3,4,50.0,37.3,4,1,25.0,0,21.0
https://fbref.com/en/players/53af52f3,Kasper Schmeichel,2019-2020,2020-06-28,Sun,FA Cup,Quarter-finals,Home,L 0–1,Leicester City,Chelsea,Y*,GK,90,4,1,3,75.0,0,,0,0,0,0,,,,,,,,,,,,,,,
https://fbref.com/en/players/53af52f3,Kasper Schmeichel,2019-2020,2020-07-01,Wed,Premier League,Matchweek 32,Away,L 1–2,Leicester City,Everton,Y*,GK,90,2,2,1,50.0,0,1.9,1,1,0,0,7,8,87.5,26,6,23.1,30.2,3,66.7,34.7,6,0,0.0,2,18.1
https://fbref.com/en/players/53af52f3,Kasper Schmeichel,2019-2020,2020-07-04,Sat,Premier League,Matchweek 33,Home,W 3–0,Leicester City,Crystal Palace,Y*,GK,90,1,0,1,100.0,1,0.1,0,0,0,0,12,12,100.0,15,1,60.0,39.0,5,60.0,51.0,7,0,0.0,0,12.0
https://fbref.com/en/players/53af52f3,Kasper Schmeichel,2019-2020,2020-07-07,Tue,Premier League,Matchweek 34,Away,D 1–1,Leicester City,Arsenal,Y*,GK,90,7,1,6,85.7,0,1.5,0,0,0,0,10,16,62.5,33,3,39.4,40.4,7,42.9,39.1,7,0,0.0,2,20.5
https://fbref.com/en/players/53af52f3,Kasper Schmeichel,2019-2020,2020-07-12,Sun,Premier League,Matchweek 35,Away,L 1–4,Leicester City,Bournemouth,Y*,GK,90,3,4,1,0.0,0,2.6,1,1,0,0,8,16,50.0,26,1,53.8,43.9,7,28.6,35.4,10,0,0.0,1,12.3
https://fbref.com/en/players/53af52f3,Kasper Schmeichel,2019-2020,2020-07-16,Thu,Premier League,Matchweek 36,Home,W 2–0,Leicester City,Sheffield Utd,Y,GK,90,0,0,0,,1,0.0,0,0,0,0,6,22,27.3,31,2,61.3,49.5,4,75.0,67.0,9,0,0.0,1,17.8
https://fbref.com/en/players/53af52f3,Kasper Schmeichel,2019-2020,2020-07-19,Sun,Premier League,Matchweek 37,Away,L 0–3,Leicester City,Tottenham,Y,GK,90,3,3,1,0.0,0,1.5,0,0,0,0,3,6,50.0,20,6,30.0,32.3,3,0.0,19.3,3,0,0.0,0,4.5
https://fbref.com/en/players/53af52f3,Kasper Schmeichel,2019-2020,2020-07-26,Sun,Premier League,Matchweek 38,Home,L 0–2,Leicester City,Manchester Utd,Y,GK,90,2,2,1,50.0,0,1.5,1,1,0,0,10,22,45.5,28,2,60.7,46.1,7,71.4,56.6,4,0,0.0,1,15.1
https://fbref.com/en/players/53af52f3,Kasper Schmeichel,2020-2021,2020-09-05,Sat,UEFA Nations League,League A,Home,L 0–2,dk Denmark,be Belgium,Y,GK,90,5,2,3,60.0,0,,0,0,0,0,,,,,,,,,,,,,,,
https://fbref.com/en/players/53af52f3,Kasper Schmeichel,2020-2021,2020-09-08,Tue,UEFA Nations League,League A,Home,D 0–0,dk Denmark,eng England,Y*,GK,90,1,0,1,100.0,1,,0,0,0,0,,,,,,,,,,,,,,,
https://fbref.com/en/players/53af52f3,Kasper Schmeichel,2020-2021,2020-09-13,Sun,Premier League,Matchweek 1,Away,W 3–0,Leicester City,West Brom,Y*,GK,90,1,0,1,100.0,1,0.1,0,0,0,0,2,8,25.0,22,3,18.2,30.5,6,66.7,52.7,4,0,0.0,1,14.7
https://fbref.com/en/players/53af52f3,Kasper Schmeichel,2020-2021,2020-09-20,Sun,Premier League,Matchweek 2,Home,W 4–2,Leicester City,Burnley,Y*,GK,90,5,2,3,60.0,0,1.8,0,0,0,0,5,19,26.3,38,3,39.5,41.1,9,44.4,36.8,6,2,33.3,0,15.0
https://fbref.com/en/players/53af52f3,Kasper Schmeichel,2020-2021,2020-09-27,Sun,Premier League,Matchweek 3,Away,W 5–2,Leicester City,Manchester City,Y*,GK,90,5,2,3,60.0,0,1.5,0,0,0,0,12,34,35.3,32,7,62.5,48.3,14,100.0,68.9,11,1,9.1,0,5.4
https://fbref.com/en/players/53af52f3,Kasper Schmeichel,2020-2021,2020-10-04,Sun,Premier League,Matchweek 4,Home,L 0–3,Leicester City,West Ham,Y*,GK,90,6,3,3,50.0,0,1.7,0,0,0,0,4,11,36.4,29,5,37.9,37.1,4,0.0,22.5,5,1,20.0,0,12.3
https://fbref.com/en/players/53af52f3,Kasper Schmeichel,2020-2021,2020-10-07,Wed,Friendlies (M),Friendlies (M),Home,W 4–0,dk Denmark,fo Faroe Islands,Y*,GK,90,,0,,,1,,0,0,0,0,,,,,,,,,,,,,,,
https://fbref.com/en/players/53af52f3,Kasper Schmeichel,2020-2021,2020-10-11,Sun,UEFA Nations League,League A,Away,W 3–0,dk Denmark,is Iceland,Y,GK,90,3,0,3,100.0,1,,0,0,0,0,,,,,,,,,,,,,,,
https://fbref.com/en/players/53af52f3,Kasper Schmeichel,2020-2021,2020-10-14,Wed,UEFA Nations League,League A,Away,W 1–0,dk Denmark,eng England,Y,GK,90,4,0,4,100.0,1,,0,0,0,0,,,,,,,,,,,,,,,
https://fbref.com/en/players/53af52f3,Kasper Schmeichel,2020-2021,2020-10-18,Sun,Premier League,Matchweek 5,Home,L 0–1,Leicester City,Aston Villa,Y*,GK,90,4,1,3,75.0,0,0.8,0,0,0,0,5,20,25.0,38,6,50.0,41.8,4,25.0,26.3,9,1,11.1,1,13.4
https://fbref.com/en/players/53af52f3,Kasper Schmeichel,2020-2021,2020-10-22,Thu,Europa Lg,Group stage,Home,W 3–0,eng Leicester City,ua Zorya Luhansk,Y*,GK,90,2,0,2,100.0,1,0.7,0,0,0,0,7,10,70.0,17,1,47.1,43.5,3,66.7,43.0,6,0,0.0,1,18.0
https://fbref.com/en/players/53af52f3,Kasper Schmeichel,2020-2021,2020-10-25,Sun,Premier League,Matchweek 6,Away,W 1–0,Leicester City,Arsenal,Y*,GK,90,4,0,4,100.0,1,0.7,0,0,0,0,12,23,52.2,33,8,54.5,42.2,7,71.4,50.9,10,2,20.0,0,9.4
https://fbref.com/en/players/53af52f3,Kasper Schmeichel,2020-2021,2020-10-29,Thu,Europa Lg,Group stage,Away,W 2–1,eng Leicester City,gr AEK Athens,Y,GK,90,3,1,2,66.7,0,0.5,0,0,0,0,12,29,41.4,25,2,68.0,50.9,12,100.0,73.7,11,0,0.0,0,10.0
https://fbref.com/en/players/53af52f3,Kasper Schmeichel,2020-2021,2020-11-02,Mon,Premier League,Matchweek 7,Away,W 4–1,Leicester City,Leeds United,Y*,GK,90,5,1,4,80.0,0,2.0,0,0,0,0,6,18,33.3,25,7,48.0,42.0,11,54.5,46.7,11,0,0.0,1,11.1
https://fbref.com/en/players/53af52f3,Kasper Schmeichel,2020-2021,2020-11-05,Thu,Europa Lg,Group stage,Home,W 4–0,eng Leicester City,pt Braga,Y*,GK,90,1,0,1,100.0,1,0.1,0,0,0,0,5,15,33.3,37,6,40.5,35.8,4,0.0,15.0,5,1,20.0,0,8.3
https://fbref.com/en/players/53af52f3,Kasper Schmeichel,2020-2021,2020-11-08,Sun,Premier League,Matchweek 8,Home,W 1–0,Leicester City,Wolves,Y*,GK,90,2,0,2,100.0,1,0.8,0,0,0,0,4,10,40.0,13,2,46.2,43.5,6,66.7,48.8,14,1,7.1,0,13.0
https://fbref.com/en/players/53af52f3,Kasper Schmeichel,2020-2021,2020-11-15,Sun,UEFA Nations League,League A,Home,W 2–1,dk Denmark,is Iceland,Y,GK,45,1,0,1,100.0,0,,0,0,0,0,,,,,,,,,,,,,,,
https://fbref.com/en/players/53af52f3,Kasper Schmeichel,2020-2021,2020-11-18,Wed,UEFA Nations League,League A,Away,L 2–4,dk Denmark,be Belgium,Y,GK,90,5,4,1,20.0,0,,0,0,0,0,,,,,,,,,,,,,,,
https://fbref.com/en/players/53af52f3,Kasper Schmeichel,2020-2021,2020-11-22,Sun,Premier League,Matchweek 9,Away,L 0–3,Leicester City,Liverpool,Y*,GK,90,12,3,9,75.0,0,2.9,0,0,0,0,13,23,56.5,30,6,53.3,43.4,8,87.5,60.3,9,0,0.0,0,12.0
https://fbref.com/en/players/53af52f3,Kasper Schmeichel,2020-2021,2020-11-26,Thu,Europa Lg,Group stage,Away,D 3–3,eng Leicester City,pt Braga,Y*,GK,90,7,3,4,57.1,0,1.6,0,0,0,0,3,10,30.0,40,3,25.0,32.5,3,0.0,17.7,4,0,0.0,1,17.5
https://fbref.com/en/players/53af52f3,Kasper Schmeichel,2020-2021,2020-11-30,Mon,Premier League,Matchweek 10,Home,L 1–2,Leicester City,Fulham,Y*,GK,90,4,2,3,75.0,0,2.2,1,1,0,0,1,2,50.0,15,1,6.7,22.0,3,33.3,30.0,3,0,0.0,1,35.0
https://fbref.com/en/players/53af52f3,Kasper Schmeichel,2020-2021,2020-12-06,Sun,Premier League,Matchweek 11,Away,W 2–1,Leicester City,Sheffield Utd,Y*,GK,90,1,1,0,0.0,0,0.7,0,0,0,0,5,8,62.5,20,5,35.0,37.3,3,33.3,33.7,8,0,0.0,0,11.6
https://fbref.com/en/players/53af52f3,Kasper Schmeichel,2020-2021,2020-12-13,Sun,Premier League,Matchweek 12,Home,W 3–0,Leicester City,Brighton,Y*,GK,90,4,0,4,100.0,1,0.8,0,0,0,0,9,12,75.0,25,5,48.0,37.3,4,0.0,33.3,9,1,11.1,0,13.5
https://fbref.com/en/players/53af52f3,Kasper Schmeichel,2020-2021,2020-12-16,Wed,Premier League,Matchweek 13,Home,L 0–2,Leicester City,Everton,Y*,GK,90,6,2,3,66.7,0,1.4,0,0,0,0,6,7,85.7,17,3,41.2,37.0,2,0.0,15.0,4,0,0.0,1,18.0
https://fbref.com/en/players/53af52f3,Kasper Schmeichel,2020-2021,2020-12-20,Sun,Premier League,Matchweek 14,Away,W 2–0,Leicester City,Tottenham,Y*,GK,90,3,0,3,100.0,1,1.3,0,0,0,0,6,22,27.3,30,4,60.0,47.6,6,66.7,51.3,10,1,10.0,0,9.1
https://fbref.com/en/players/53af52f3,Kasper Schmeichel,2020-2021,2020-12-26,Sat,Premier League,Matchweek 15,Home,D 2–2,Leicester City,Manchester Utd,Y*,GK,90,4,2,2,50.0,0,1.8,0,0,0,0,6,20,30.0,36,5,50.0,39.4,3,66.7,58.3,3,0,0.0,0,19.0
https://fbref.com/en/players/53af52f3,Kasper Schmeichel,2020-2021,2020-12-28,Mon,Premier League,Matchweek 16,Away,D 1–1,Leicester City,Crystal Palace,Y*,GK,90,1,1,0,0.0,0,0.2,0,0,0,0,4,7,57.1,24,3,25.0,30.0,4,25.0,30.5,7,0,0.0,0,8.8
https://fbref.com/en/players/53af52f3,Kasper Schmeichel,2020-2021,2021-01-03,Sun,Premier League,Matchweek 17,Away,W 2–1,Leicester City,Newcastle Utd,Y*,GK,90,2,1,1,50.0,0,0.8,0,0,0,0,8,15,53.3,30,2,46.7,40.8,4,25.0,29.8,7,0,0.0,1,20.0
https://fbref.com/en/players/53af52f3,Kasper Schmeichel,2020-2021,2021-01-09,Sat,FA Cup,Third round proper,Away,W 4–0,Leicester City,Stoke City,Y*,GK,90,2,0,2,100.0,1,,0,0,0,0,,,,,,,,,,,,,,,
https://fbref.com/en/players/53af52f3,Kasper Schmeichel,2020-2021,2021-01-16,Sat,Premier League,Matchweek 19,Home,W 2–0,Leicester City,Southampton,Y*,GK,90,3,0,3,100.0,1,0.7,0,0,0,0,5,16,31.3,27,4,51.9,42.5,8,25.0,29.6,5,0,0.0,0,13.6
https://fbref.com/en/players/53af52f3,Kasper Schmeichel,2020-2021,2021-01-19,Tue,Premier League,Matchweek 18,Home,W 2–0,Leicester City,Chelsea,Y*,GK,90,5,0,5,100.0,1,1.0,0,0,0,0,9,16,56.3,31,4,48.4,37.8,4,25.0,28.5,9,1,11.1,2,25.3
https://fbref.com/en/players/53af52f3,Kasper Schmeichel,2020-2021,2021-01-27,Wed,Premier League,Matchweek 20,Away,D 1–1,Leicester City,Everton,Y*,GK,90,2,1,1,50.0,0,0.8,0,0,0,0,3,5,60.0,19,4,21.1,31.2,5,20.0,24.0,12,1,8.3,1,40.0
https://fbref.com/en/players/53af52f3,Kasper Schmeichel,2020-2021,2021-01-31,Sun,Premier League,Matchweek 21,Home,L 1–3,Leicester City,Leeds United,Y*,GK,90,6,3,2,50.0,0,2.7,0,0,0,0,8,16,50.0,34,6,41.2,33.4,4,50.0,38.0,1,0,0.0,0,6.0
https://fbref.com/en/players/53af52f3,Kasper Schmeichel,2020-2021,2021-02-03,Wed,Premier League,Matchweek 22,Away,W 2–0,Leicester City,Fulham,Y*,GK,90,1,0,1,100.0,1,0.3,0,0,0,0,10,25,40.0,27,6,63.0,47.6,10,80.0,61.3,13,1,7.7,1,10.7
https://fbref.com/en/players/53af52f3,Kasper Schmeichel,2020-2021,2021-02-07,Sun,Premier League,Matchweek 23,Away,D 0–0,Leicester City,Wolves,Y*,GK,90,1,0,1,100.0,1,0.5,0,0,0,0,2,4,50.0,10,1,30.0,31.6,9,11.1,21.9,8,1,12.5,0,
https://fbref.com/en/players/53af52f3,Kasper Schmeichel,2020-2021,2021-02-13,Sat,Premier League,Matchweek 24,Home,W 3–1,Leicester City,Liverpool,Y*,GK,90,4,1,3,75.0,0,2.3,0,0,0,0,4,15,26.7,23,5,47.8,38.0,5,80.0,55.2,10,0,0.0,0,9.0
https://fbref.com/en/players/53af52f3,Kasper Schmeichel,2020-2021,2021-02-18,Thu,Europa Lg,Round of 32,Neutral,D 0–0,eng Leicester City,cz Slavia Prague,Y*,GK,90,3,0,3,100.0,1,0.3,0,0,0,0,7,21,33.3,29,8,58.6,43.5,12,33.3,37.4,8,0,0.0,1,11.6
https://fbref.com/en/players/53af52f3,Kasper Schmeichel,2020-2021,2021-02-21,Sun,Premier League,Matchweek 25,Away,W 2–1,Leicester City,Aston Villa,Y*,GK,90,2,1,1,50.0,0,0.8,0,0,0,0,2,12,16.7,18,2,44.4,40.4,7,57.1,44.6,11,0,0.0,0,10.0
https://fbref.com/en/players/53af52f3,Kasper Schmeichel,2020-2021,2021-02-25,Thu,Europa Lg,Round of 32,Neutral,L 0–2,eng Leicester City,cz Slavia Prague,Y*,GK,90,3,2,1,33.3,0,1.0,0,0,0,0,7,17,41.2,33,7,42.4,36.6,5,60.0,45.8,5,0,0.0,0,11.0
https://fbref.com/en/players/53af52f3,Kasper Schmeichel,2020-2021,2021-02-28,Sun,Premier League,Matchweek 26,Home,L 1–3,Leicester City,Arsenal,Y*,GK,90,3,3,1,33.3,0,2.3,1,1,0,0,12,17,70.6,34,6,38.2,35.9,5,80.0,46.0,10,3,30.0,0,19.5
https://fbref.com/en/players/53af52f3,Kasper Schmeichel,2020-2021,2021-03-03,Wed,Premier League,Matchweek 29,Away,D 1–1,Leicester City,Burnley,Y*,GK,90,7,1,6,85.7,0,2.7,0,0,0,0,9,18,50.0,33,8,45.5,37.5,5,60.0,46.8,12,3,25.0,0,15.0
https://fbref.com/en/players/53af52f3,Kasper Schmeichel,2020-2021,2021-03-06,Sat,Premier League,Matchweek 27,Away,W 2–1,Leicester City,Brighton,Y*,GK,90,2,1,1,50.0,0,0.5,0,0,0,0,8,14,57.1,42,4,28.6,32.5,10,20.0,28.7,6,1,16.7,0,13.7
https://fbref.com/en/players/53af52f3,Kasper Schmeichel,2020-2021,2021-03-14,Sun,Premier League,Matchweek 28,Home,W 5–0,Leicester City,Sheffield Utd,Y*,GK,90,0,0,0,,1,0.0,0,0,0,0,2,4,50.0,33,2,12.1,26.5,0,,,5,0,0.0,1,22.3
https://fbref.com/en/players/53af52f3,Kasper Schmeichel,2020-2021,2021-03-21,Sun,FA Cup,Quarter-finals,Home,W 3–1,Leicester City,Manchester Utd,Y*,GK,90,5,1,4,80.0,0,,0,0,0,0,,,,,,,,,,,,,,,
https://fbref.com/en/players/53af52f3,Kasper Schmeichel,2020-2021,2021-03-25,Thu,WCQ — UEFA (M),First round,Away,W 2–0,dk Denmark,il Israel,Y,GK,90,2,0,2,100.0,1,,0,0,0,0,,,,,,,,,,,,,,,
https://fbref.com/en/players/53af52f3,Kasper Schmeichel,2020-2021,2021-03-28,Sun,WCQ — UEFA (M),First round,Home,W 8–0,dk Denmark,md Moldova,Y*,GK,90,2,0,2,100.0,1,,0,0,0,0,,,,,,,,,,,,,,,
https://fbref.com/en/players/53af52f3,Kasper Schmeichel,2020-2021,2021-03-31,Wed,WCQ — UEFA (M),First round,Away,W 4–0,dk Denmark,at Austria,Y,GK,90,0,0,0,,1,,0,0,0,0,,,,,,,,,,,,,,,
https://fbref.com/en/players/53af52f3,Kasper Schmeichel,2020-2021,2021-04-03,Sat,Premier League,Matchweek 30,Home,L 0–2,Leicester City,Manchester City,Y*,GK,90,4,2,2,50.0,0,1.4,0,0,0,0,8,22,36.4,40,5,40.0,34.5,9,66.7,51.3,17,0,0.0,0,7.7
https://fbref.com/en/players/53af52f3,Kasper Schmeichel,2020-2021,2021-04-11,Sun,Premier League,Matchweek 31,Away,L 2–3,Leicester City,West Ham,Y*,GK,90,4,3,1,25.0,0,2.2,0,0,0,0,7,14,50.0,39,7,33.3,32.3,2,50.0,43.0,5,0,0.0,1,16.0
https://fbref.com/en/players/53af52f3,Kasper Schmeichel,2020-2021,2021-04-18,Sun,FA Cup,Semi-finals,Home,W 1–0,Leicester City,Southampton,Y*,GK,90,0,0,0,,1,,0,0,0,0,,,,,,,,,,,,,,,
https://fbref.com/en/players/53af52f3,Kasper Schmeichel,2020-2021,2021-04-22,Thu,Premier League,Matchweek 32,Home,W 3–0,Leicester City,West Brom,Y*,GK,90,1,0,1,100.0,1,0.0,0,0,0,0,3,6,50.0,22,5,22.7,30.6,4,25.0,26.3,6,0,0.0,0,10.7
https://fbref.com/en/players/53af52f3,Kasper Schmeichel,2020-2021,2021-04-26,Mon,Premier League,Matchweek 33,Home,W 2–1,Leicester City,Crystal Palace,Y*,GK,90,2,1,1,50.0,0,0.2,0,0,0,0,3,9,33.3,21,4,33.3,33.3,3,66.7,59.7,4,0,0.0,0,11.0
https://fbref.com/en/players/53af52f3,Kasper Schmeichel,2020-2021,2021-04-30,Fri,Premier League,Matchweek 34,Away,D 1–1,Leicester City,Southampton,Y*,GK,90,2,1,2,100.0,0,1.4,1,1,0,0,3,4,75.0,14,3,28.6,35.0,1,0.0,24.0,0,0,,0,19.0
https://fbref.com/en/players/53af52f3,Kasper Schmeichel,2020-2021,2021-05-07,Fri,Premier League,Matchweek 35,Home,L 2–4,Leicester City,Newcastle Utd,Y*,GK,90,6,4,2,33.3,0,2.8,0,0,0,0,6,10,60.0,14,4,50.0,33.5,4,75.0,50.0,8,0,0.0,0,8.7
https://fbref.com/en/players/53af52f3,Kasper Schmeichel,2020-2021,2021-05-11,Tue,Premier League,Matchweek 36,Away,W 2–1,Leicester City,Manchester Utd,Y*,GK,90,1,1,0,0.0,0,0.5,0,0,0,0,4,18,22.2,25,1,60.0,46.2,3,100.0,73.3,5,0,0.0,0,9.3
https://fbref.com/en/players/53af52f3,Kasper Schmeichel,2020-2021,2021-05-15,Sat,FA Cup,Final,Neutral,W 1–0,Leicester City,Chelsea,Y*,GK,90,3,0,3,100.0,1,,0,0,0,0,,,,,,,,,,,,,,,
https://fbref.com/en/players/53af52f3,Kasper Schmeichel,2020-2021,2021-05-18,Tue,Premier League,Matchweek 37,Away,L 1–2,Leicester City,Chelsea,Y*,GK,90,5,2,4,80.0,0,2.6,1,1,0,0,5,18,27.8,27,6,59.3,46.1,9,22.2,28.2,10,0,0.0,0,13.2
https://fbref.com/en/players/53af52f3,Kasper Schmeichel,2020-2021,2021-05-23,Sun,Premier League,Matchweek 38,Home,L 2–4,Leicester City,Tottenham,Y*,GK,90,4,4,1,0.0,0,1.4,0,0,0,0,5,11,45.5,19,2,57.9,42.6,4,0.0,25.3,10,3,30.0,2,18.0
https://fbref.com/en/players/53af52f3,Kasper Schmeichel,2020-2021,2021-06-02,Wed,Friendlies (M),Friendlies (M),Away,D 1–1,dk Denmark,de Germany,Y,GK,90,,,,,0,,0,0,0,0,,,,,,,,,,,,,,,
https://fbref.com/en/players/53af52f3,Kasper Schmeichel,2020-2021,2021-06-06,Sun,Friendlies (M),Friendlies (M),Home,W 2–0,dk Denmark,ba Bosnia and Herzegovina,Y,GK,90,,,,,1,,0,0,0,0,,,,,,,,,,,,,,,
https://fbref.com/en/players/53af52f3,Kasper Schmeichel,2020-2021,2021-06-12,Sat,UEFA Euro,Group stage,Neutral,L 0–1,dk Denmark,fi Finland,Y,GK,90,1,1,0,0.0,0,0.6,0,0,0,0,5,7,71.4,10,1,60.0,47.6,1,100.0,63.0,5,0,0.0,1,25.0
https://fbref.com/en/players/53af52f3,Kasper Schmeichel,2020-2021,2021-06-17,Thu,UEFA Euro,Group stage,Neutral,L 1–2,dk Denmark,be Belgium,Y,GK,90,4,2,2,50.0,0,1.2,0,0,0,0,8,13,61.5,19,7,57.9,45.4,2,100.0,69.5,4,0,0.0,2,15.4
https://fbref.com/en/players/53af52f3,Kasper Schmeichel,2020-2021,2021-06-21,Mon,UEFA Euro,Group stage,Neutral,W 4–1,dk Denmark,ru Russia,Y,GK,90,1,1,1,100.0,0,1.0,1,1,0,0,8,22,36.4,27,2,66.7,46.1,6,66.7,49.3,4,0,0.0,0,21.0
https://fbref.com/en/players/53af52f3,Kasper Schmeichel,2020-2021,2021-06-26,Sat,UEFA Euro,Round of 16,Neutral,W 4–0,dk Denmark,wls Wales,Y,GK,90,1,0,1,100.0,1,0.0,0,0,0,0,10,17,58.8,19,2,68.4,47.8,4,100.0,76.5,12,0,0.0,0,11.7
https://fbref.com/en/players/1148323a,Eldin Jakupović,2017-2018,2017-08-25,Fri,PL2 — Div. 1,Regular Season,Away,D 2–2,Leicester City,Manchester City,Y,GK,90,,2,,,0,,0,0,0,0,,,,,,,,,,,,,,,
https://fbref.com/en/players/1148323a,Eldin Jakupović,2017-2018,2017-09-11,Mon,PL2 — Div. 1,Regular Season,Home,W 3–1,Leicester City,West Ham,Y,GK,90,,1,,,0,,0,0,0,0,,,,,,,,,,,,,,,
https://fbref.com/en/players/1148323a,Eldin Jakupović,2017-2018,2017-10-29,Sun,PL2 — Div. 1,Regular Season,Away,W 2–1,Leicester City,Liverpool,Y,GK,90,,1,,,0,,0,0,0,0,,,,,,,,,,,,,,,
https://fbref.com/en/players/1148323a,Eldin Jakupović,2017-2018,2017-11-20,Mon,PL2 — Div. 1,Regular Season,Home,D 0–0,Leicester City,Sunderland,Y,GK,90,,0,,,1,,0,0,0,0,,,,,,,,,,,,,,,
https://fbref.com/en/players/1148323a,Eldin Jakupović,2017-2018,2017-11-24,Fri,PL2 — Div. 1,Regular Season,Away,W 2–0,Leicester City,Derby County,Y,GK,90,,0,,,1,,0,0,0,0,,,,,,,,,,,,,,,
https://fbref.com/en/players/1148323a,Eldin Jakupović,2017-2018,2017-12-11,Mon,PL2 — Div. 1,Regular Season,Home,W 2–1,Leicester City,Everton,Y,GK,90,,1,,,0,,0,0,0,0,,,,,,,,,,,,,,,
https://fbref.com/en/players/1148323a,Eldin Jakupović,2017-2018,2018-01-06,Sat,FA Cup,Third round,Away,D 0–0,Leicester City,Fleetwood Town,Y,GK,90,4,0,4,100.0,1,,0,0,0,0,,,,,,,,,,,,,,,
https://fbref.com/en/players/1148323a,Eldin Jakupović,2017-2018,2018-01-16,Tue,FA Cup,Third round,Home,W 2–0,Leicester City,Fleetwood Town,Y,GK,90,4,0,4,100.0,1,,0,0,0,0,,,,,,,,,,,,,,,
https://fbref.com/en/players/1148323a,Eldin Jakupović,2017-2018,2018-04-15,Sun,PL2 — Div. 1,Regular Season,Away,L 1–4,Leicester City,Sunderland,Y,GK,90,,4,,,0,,0,0,0,0,,,,,,,,,,,,,,,
https://fbref.com/en/players/1148323a,Eldin Jakupović,2017-2018,2018-05-09,Wed,Premier League,Matchweek 31,Home,W 3–1,Leicester City,Arsenal,Y,GK,90,6,1,5,83.3,0,2.2,0,0,0,0,6,17,35.3,25,8,52.0,50.7,5,80.0,57.8,3,0,0.0,1,12.4
https://fbref.com/en/players/1148323a,Eldin Jakupović,2017-2018,2018-05-13,Sun,Premier League,Matchweek 38,Away,L 4–5,Leicester City,Tottenham,Y,GK,90,6,5,2,16.7,0,2.8,0,0,0,0,11,19,57.9,17,4,64.7,52.6,9,88.9,68.3,12,0,0.0,3,15.1
