PlayerUrl,PlayerName,Season,Date,Day,Comp,Round,Venue,Result,Squad,Opponent,Start,Pos,Min,Summery-Performance-Gls,Summery-Performance-Ast,Summery-Performance-PK,Summery-Performance-PKatt,Summery-Performance-Sh,Summery-Performance-SoT,Summery-Performance-CrdY,Summery-Performance-CrdR,Summery-Performance-Touches,Summery-Performance-Press,Summery-Performance-Tkl,Summery-Performance-Int,Summery-Performance-Blocks,Summery-Expected-xG,Summery-Expected-npxG,Summery-Expected-xA,Summery-SCA-SCA,Summery-SCA-GCA,Summery-Passes-Cmp,Summery-Passes-Att,Summery-Passes-Cmp%,Summery-Passes-Prog,Summery-Carries-Carries,Summery-Carries-Prog,Summery-Dribbles-Succ,Summery-Dribbles-Att,Passing-Total-Cmp,Passing-Total-Att,Passing-Total-Cmp%,Passing-Total-TotDist,Passing-Total-PrgDist,Passing-Short-Cmp,Passing-Short-Att,Passing-Short-Cmp%,Passing-Medium-Cmp,Passing-Medium-Att,Passing-Medium-Cmp%,Passing-Long-Cmp,Passing-Long-Att,Passing-Long-Cmp%,Passing-Ast,Passing-xA,Passing-KP,Passing-1/3,Passing-PPA,Passing-CrsPA,Passing-Prog,PassingTypes-PassAttempted,PassingTypes-PassTypes-Live,PassingTypes-PassTypes-Dead,PassingTypes-PassTypes-FK,PassingTypes-PassTypes-TB,PassingTypes-PassTypes-Press,PassingTypes-PassTypes-Sw,PassingTypes-PassTypes-Crs,PassingTypes-PassTypes-CK,PassingTypes-CornerKicks-In,PassingTypes-CornerKicks-Out,PassingTypes-CornerKicks-Str,PassingTypes-Height-Ground,PassingTypes-Height-Low,PassingTypes-Height-High,PassingTypes-BodyParts-Left,PassingTypes-BodyParts-Right,PassingTypes-BodyParts-Head,PassingTypes-BodyParts-TI,PassingTypes-BodyParts-Other,PassingTypes-Outcomes-Cmp,PassingTypes-Outcomes-Off,PassingTypes-Outcomes-Out,PassingTypes-Outcomes-Int,PassingTypes-Outcomes-Blocks,GCA-SCATypes-SCA,GCA-SCATypes-PassLive,GCA-SCATypes-PassDead,GCA-SCATypes-Drib,GCA-SCATypes-Sh,GCA-SCATypes-Fld,GCA-SCATypes-Def,GCA-GCATypes-GCA,GCA-GCATypes-PassLive,GCA-GCATypes-PassDead,GCA-GCATypes-Drib,GCA-GCATypes-Sh,GCA-GCATypes-Fld,GCA-GCATypes-Def,Defence-Tackles-Tkl,Defence-Tackles-TklW,Defence-Tackles-Def-3rd,Defence-Tackles-Mid-3rd,Defence-Tackles-Att-3rd,Defence-VsDribbles-Tkl,Defence-VsDribbles-Att,Defence-VsDribbles-Tkl%,Defence-VsDribbles-Past,Defence-Pressures-Press,Defence-Pressures-Succ,Defence-Pressures-%,Defence-Pressures-Def-3rd,Defence-Pressures-Mid-3rd,Defence-Pressures-Att-3rd,Defence-Blocks-Blocks,Defence-Blocks-Sh,Defence-Blocks-ShSv,Defence-Blocks-Pass,Defence-Int,Defence-Tkl+Int,Defence-Clr,Defence-Err,Possession-Touches-Touches,Possession-Touches-Def-Pen,Possession-Touches-Def-3rd,Possession-Touches-Mid-3rd,Possession-Touches-Att-3rd,Possession-Touches-Att-Pen,Possession-Touches-Live,Possession-Dribbles-Succ,Possession-Dribbles-Att,Possession-Dribbles-Succ%,Possession-Dribbles-#Pl,Possession-Dribbles-Megs,Possession-Carries-Carries,Possession-Carries-TotDist,Possession-Carries-PrgDist,Possession-Carries-Prog,Possession-Carries-1/3,Possession-Carries-CPA,Possession-Carries-Mis,Possession-Carries-Dis,Possession-Receiving-Targ,Possession-Receiving-Rec,Possession-Receiving-Rec%,Possession-Receiving-Prog,Misc-Performance-CrdY,Misc-Performance-CrdR,Misc-Performance-2CrdY,Misc-Performance-Fls,Misc-Performance-Fld,Misc-Performance-Off,Misc-Performance-Crs,Misc-Performance-Int,Misc-Performance-TklW,Misc-Performance-PKwon,Misc-Performance-PKcon,Misc-Performance-OG,Misc-Performance-Recov,Misc-AerialDuels-Won,Misc-AerialDuels-Lost,Misc-AerialDuels-Won%
0,https://fbref.com/en/players/607fb965,Curtis Davies,2015-2016,2015-08-08,Sat,Championship,Matchweek 1,Home,W 2–0,Hull City,Huddersfield,Y,CB,90,0,0,0,0,,,0,0,,,,,,,,,,,,,,,,,,,,,,,,,,,,,,,,,,,,,,,,,,,,,,,,,,,,,,,,,,,,,,,,,,,,,,,,,,,,,,,,,,,,,,,,,,,,,,,,,,,,,,,,,,,,,,,,,,,,,,,,,,,,,,,,,,,,,,,,,0,,,,
1,https://fbref.com/en/players/607fb965,Curtis Davies,2015-2016,2015-08-11,Tue,League Cup,First round,Away,D 2 (4)–2 (3),Hull City,Acc'ton Stanley,Y,,120,0,0,0,0,,,0,0,,,,,,,,,,,,,,,,,,,,,,,,,,,,,,,,,,,,,,,,,,,,,,,,,,,,,,,,,,,,,,,,,,,,,,,,,,,,,,,,,,,,,,,,,,,,,,,,,,,,,,,,,,,,,,,,,,,,,,,,,,,,,,,,,,,,,,,,,0,,,,
2,https://fbref.com/en/players/607fb965,Curtis Davies,2015-2016,2015-08-16,Sun,Championship,Matchweek 2,Away,D 1–1,Hull City,Wolves,Y,CB,90,0,0,0,0,,,0,0,,,,,,,,,,,,,,,,,,,,,,,,,,,,,,,,,,,,,,,,,,,,,,,,,,,,,,,,,,,,,,,,,,,,,,,,,,,,,,,,,,,,,,,,,,,,,,,,,,,,,,,,,,,,,,,,,,,,,,,,,,,,,,,,,,,,,,,,,0,,,,
3,https://fbref.com/en/players/607fb965,Curtis Davies,2015-2016,2015-08-19,Wed,Championship,Matchweek 3,Home,W 2–1,Hull City,Fulham,Y,CB,90,0,0,0,0,,,0,0,,,,,,,,,,,,,,,,,,,,,,,,,,,,,,,,,,,,,,,,,,,,,,,,,,,,,,,,,,,,,,,,,,,,,,,,,,,,,,,,,,,,,,,,,,,,,,,,,,,,,,,,,,,,,,,,,,,,,,,,,,,,,,,,,,,,,,,,,0,,,,
4,https://fbref.com/en/players/607fb965,Curtis Davies,2015-2016,2015-08-22,Sat,Championship,Matchweek 4,Away,L 1–2,Hull City,Charlton Ath,Y,CB,90,0,0,0,0,,,0,0,,,,,,,,,,,,,,,,,,,,,,,,,,,,,,,,,,,,,,,,,,,,,,,,,,,,,,,,,,,,,,,,,,,,,,,,,,,,,,,,,,,,,,,,,,,,,,,,,,,,,,,,,,,,,,,,,,,,,,,,,,,,,,,,,,,,,,,,,0,,,,
5,https://fbref.com/en/players/607fb965,Curtis Davies,2015-2016,2015-08-29,Sat,Championship,Matchweek 5,Home,W 2–0,Hull City,Preston,Y,CB,90,1,0,0,0,,,0,0,,,,,,,,,,,,,,,,,,,,,,,,,,,,,,,,,,,,,,,,,,,,,,,,,,,,,,,,,,,,,,,,,,,,,,,,,,,,,,,,,,,,,,,,,,,,,,,,,,,,,,,,,,,,,,,,,,,,,,,,,,,,,,,,,,,,,,,,,0,,,,
6,https://fbref.com/en/players/607fb965,Curtis Davies,2015-2016,2015-09-12,Sat,Championship,Matchweek 6,Away,L 0–1,Hull City,Brighton,Y,CB,90,0,0,0,0,,,0,0,,,,,,,,,,,,,,,,,,,,,,,,,,,,,,,,,,,,,,,,,,,,,,,,,,,,,,,,,,,,,,,,,,,,,,,,,,,,,,,,,,,,,,,,,,,,,,,,,,,,,,,,,,,,,,,,,,,,,,,,,,,,,,,,,,,,,,,,,0,,,,
7,https://fbref.com/en/players/607fb965,Curtis Davies,2015-2016,2015-09-15,Tue,Championship,Matchweek 7,Away,W 2–0,Hull City,Cardiff City,Y,CB,90,0,0,0,0,,,0,0,,,,,,,,,,,,,,,,,,,,,,,,,,,,,,,,,,,,,,,,,,,,,,,,,,,,,,,,,,,,,,,,,,,,,,,,,,,,,,,,,,,,,,,,,,,,,,,,,,,,,,,,,,,,,,,,,,,,,,,,,,,,,,,,,,,,,,,,,0,,,,
8,https://fbref.com/en/players/607fb965,Curtis Davies,2015-2016,2015-09-19,Sat,Championship,Matchweek 8,Home,D 1–1,Hull City,QPR,Y,CB,90,0,0,0,0,,,0,0,,,,,,,,,,,,,,,,,,,,,,,,,,,,,,,,,,,,,,,,,,,,,,,,,,,,,,,,,,,,,,,,,,,,,,,,,,,,,,,,,,,,,,,,,,,,,,,,,,,,,,,,,,,,,,,,,,,,,,,,,,,,,,,,,,,,,,,,,0,,,,
9,https://fbref.com/en/players/607fb965,Curtis Davies,2015-2016,2015-09-22,Tue,League Cup,Third round,Home,W 1–0,Hull City,Swansea City,Y,,90,0,0,0,0,,,0,0,,,,,,,,,,,,,,,,,,,,,,,,,,,,,,,,,,,,,,,,,,,,,,,,,,,,,,,,,,,,,,,,,,,,,,,,,,,,,,,,,,,,,,,,,,,,,,,,,,,,,,,,,,,,,,,,,,,,,,,,,,,,,,,,,,,,,,,,,0,,,,
10,https://fbref.com/en/players/607fb965,Curtis Davies,2015-2016,2015-09-26,Sat,Championship,Matchweek 9,Home,D 1–1,Hull City,Blackburn,Y,CB,90,0,0,0,0,,,1,0,,,,,,,,,,,,,,,,,,,,,,,,,,,,,,,,,,,,,,,,,,,,,,,,,,,,,,,,,,,,,,,,,,,,,,,,,,,,,,,,,,,,,,,,,,,,,,,,,,,,,,,,,,,,,,,,,,,,,,,,,,,,,,,,,,,,,,,,,0,,,,
11,https://fbref.com/en/players/607fb965,Curtis Davies,2015-2016,2015-10-03,Sat,Championship,Matchweek 10,Away,W 1–0,Hull City,Nott'ham Forest,Y,CB,90,0,0,0,0,,,1,0,,,,,,,,,,,,,,,,,,,,,,,,,,,,,,,,,,,,,,,,,,,,,,,,,,,,,,,,,,,,,,,,,,,,,,,,,,,,,,,,,,,,,,,,,,,,,,,,,,,,,,,,,,,,,,,,,,,,,,,,,,,,,,,,,,,,,,,,,0,,,,
12,https://fbref.com/en/players/607fb965,Curtis Davies,2015-2016,2015-10-17,Sat,Championship,Matchweek 11,Away,D 1–1,Hull City,Sheffield Weds,Y,CB,90,0,0,0,0,,,0,0,,,,,,,,,,,,,,,,,,,,,,,,,,,,,,,,,,,,,,,,,,,,,,,,,,,,,,,,,,,,,,,,,,,,,,,,,,,,,,,,,,,,,,,,,,,,,,,,,,,,,,,,,,,,,,,,,,,,,,,,,,,,,,,,,,,,,,,,,0,,,,
13,https://fbref.com/en/players/607fb965,Curtis Davies,2015-2016,2015-10-20,Tue,Championship,Matchweek 12,Home,W 3–0,Hull City,Ipswich Town,Y,CB,18,0,0,0,0,,,0,0,,,,,,,,,,,,,,,,,,,,,,,,,,,,,,,,,,,,,,,,,,,,,,,,,,,,,,,,,,,,,,,,,,,,,,,,,,,,,,,,,,,,,,,,,,,,,,,,,,,,,,,,,,,,,,,,,,,,,,,,,,,,,,,,,,,,,,,,,0,,,,
14,https://fbref.com/en/players/607fb965,Curtis Davies,2015-2016,2015-11-21,Sat,Championship,Matchweek 17,Away,D 1–1,Hull City,Bristol City,N,,53,0,0,0,0,,,0,0,,,,,,,,,,,,,,,,,,,,,,,,,,,,,,,,,,,,,,,,,,,,,,,,,,,,,,,,,,,,,,,,,,,,,,,,,,,,,,,,,,,,,,,,,,,,,,,,,,,,,,,,,,,,,,,,,,,,,,,,,,,,,,,,,,,,,,,,,0,,,,
15,https://fbref.com/en/players/607fb965,Curtis Davies,2015-2016,2015-11-27,Fri,Championship,Matchweek 18,Home,L 0–2,Hull City,Derby County,Y,CB,75,0,0,0,0,,,0,0,,,,,,,,,,,,,,,,,,,,,,,,,,,,,,,,,,,,,,,,,,,,,,,,,,,,,,,,,,,,,,,,,,,,,,,,,,,,,,,,,,,,,,,,,,,,,,,,,,,,,,,,,,,,,,,,,,,,,,,,,,,,,,,,,,,,,,,,,0,,,,
16,https://fbref.com/en/players/607fb965,Curtis Davies,2015-2016,2015-12-05,Sat,Championship,Matchweek 19,Away,L 1–2,Hull City,Leeds United,N,,70,0,0,0,0,,,0,0,,,,,,,,,,,,,,,,,,,,,,,,,,,,,,,,,,,,,,,,,,,,,,,,,,,,,,,,,,,,,,,,,,,,,,,,,,,,,,,,,,,,,,,,,,,,,,,,,,,,,,,,,,,,,,,,,,,,,,,,,,,,,,,,,,,,,,,,,0,,,,
17,https://fbref.com/en/players/607fb965,Curtis Davies,2015-2016,2015-12-12,Sat,Championship,Matchweek 20,Home,W 1–0,Hull City,Bolton,Y,CB,90,0,0,0,0,,,0,0,,,,,,,,,,,,,,,,,,,,,,,,,,,,,,,,,,,,,,,,,,,,,,,,,,,,,,,,,,,,,,,,,,,,,,,,,,,,,,,,,,,,,,,,,,,,,,,,,,,,,,,,,,,,,,,,,,,,,,,,,,,,,,,,,,,,,,,,,0,,,,
18,https://fbref.com/en/players/607fb965,Curtis Davies,2015-2016,2015-12-16,Wed,Championship,Matchweek 21,Home,W 2–1,Hull City,Reading,Y,CB,90,0,0,0,0,,,0,0,,,,,,,,,,,,,,,,,,,,,,,,,,,,,,,,,,,,,,,,,,,,,,,,,,,,,,,,,,,,,,,,,,,,,,,,,,,,,,,,,,,,,,,,,,,,,,,,,,,,,,,,,,,,,,,,,,,,,,,,,,,,,,,,,,,,,,,,,0,,,,
19,https://fbref.com/en/players/607fb965,Curtis Davies,2015-2016,2015-12-19,Sat,Championship,Matchweek 22,Away,L 0–2,Hull City,Rotherham Utd,Y,CB,90,0,0,0,0,,,1,0,,,,,,,,,,,,,,,,,,,,,,,,,,,,,,,,,,,,,,,,,,,,,,,,,,,,,,,,,,,,,,,,,,,,,,,,,,,,,,,,,,,,,,,,,,,,,,,,,,,,,,,,,,,,,,,,,,,,,,,,,,,,,,,,,,,,,,,,,0,,,,
20,https://fbref.com/en/players/607fb965,Curtis Davies,2015-2016,2015-12-26,Sat,Championship,Matchweek 23,Home,W 3–0,Hull City,Burnley,Y,CB,90,0,0,0,0,,,0,0,,,,,,,,,,,,,,,,,,,,,,,,,,,,,,,,,,,,,,,,,,,,,,,,,,,,,,,,,,,,,,,,,,,,,,,,,,,,,,,,,,,,,,,,,,,,,,,,,,,,,,,,,,,,,,,,,,,,,,,,,,,,,,,,,,,,,,,,,0,,,,
21,https://fbref.com/en/players/607fb965,Curtis Davies,2015-2016,2015-12-28,Mon,Championship,Matchweek 24,Away,L 0–1,Hull City,Preston,Y,CB,90,0,0,0,0,,,1,0,,,,,,,,,,,,,,,,,,,,,,,,,,,,,,,,,,,,,,,,,,,,,,,,,,,,,,,,,,,,,,,,,,,,,,,,,,,,,,,,,,,,,,,,,,,,,,,,,,,,,,,,,,,,,,,,,,,,,,,,,,,,,,,,,,,,,,,,,0,,,,
22,https://fbref.com/en/players/607fb965,Curtis Davies,2015-2016,2016-01-01,Fri,Championship,Matchweek 25,Away,W 2–1,Hull City,QPR,Y,CB,90,0,0,0,0,,,0,0,,,,,,,,,,,,,,,,,,,,,,,,,,,,,,,,,,,,,,,,,,,,,,,,,,,,,,,,,,,,,,,,,,,,,,,,,,,,,,,,,,,,,,,,,,,,,,,,,,,,,,,,,,,,,,,,,,,,,,,,,,,,,,,,,,,,,,,,,0,,,,
23,https://fbref.com/en/players/607fb965,Curtis Davies,2015-2016,2016-01-09,Sat,FA Cup,Third round,Home,W 1–0,Hull City,Brighton,Y,,90,0,0,0,0,,,0,0,,,,,,,,,,,,,,,,,,,,,,,,,,,,,,,,,,,,,,,,,,,,,,,,,,,,,,,,,,,,,,,,,,,,,,,,,,,,,,,,,,,,,,,,,,,,,,,,,,,,,,,,,,,,,,,,,,,,,,,,,,,,,,,,,,,,,,,,,0,,,,
24,https://fbref.com/en/players/607fb965,Curtis Davies,2015-2016,2016-01-13,Wed,Championship,Matchweek 26,Home,W 2–0,Hull City,Cardiff City,Y,CB,90,0,0,0,0,,,0,0,,,,,,,,,,,,,,,,,,,,,,,,,,,,,,,,,,,,,,,,,,,,,,,,,,,,,,,,,,,,,,,,,,,,,,,,,,,,,,,,,,,,,,,,,,,,,,,,,,,,,,,,,,,,,,,,,,,,,,,,,,,,,,,,,,,,,,,,,0,,,,
25,https://fbref.com/en/players/607fb965,Curtis Davies,2015-2016,2016-01-16,Sat,Championship,Matchweek 27,Home,W 6–0,Hull City,Charlton Ath,Y,CB,90,0,0,0,0,,,0,0,,,,,,,,,,,,,,,,,,,,,,,,,,,,,,,,,,,,,,,,,,,,,,,,,,,,,,,,,,,,,,,,,,,,,,,,,,,,,,,,,,,,,,,,,,,,,,,,,,,,,,,,,,,,,,,,,,,,,,,,,,,,,,,,,,,,,,,,,0,,,,
26,https://fbref.com/en/players/607fb965,Curtis Davies,2015-2016,2016-01-23,Sat,Championship,Matchweek 28,Away,W 1–0,Hull City,Fulham,Y,CB,90,0,0,0,0,,,0,0,,,,,,,,,,,,,,,,,,,,,,,,,,,,,,,,,,,,,,,,,,,,,,,,,,,,,,,,,,,,,,,,,,,,,,,,,,,,,,,,,,,,,,,,,,,,,,,,,,,,,,,,,,,,,,,,,,,,,,,,,,,,,,,,,,,,,,,,,0,,,,
27,https://fbref.com/en/players/607fb965,Curtis Davies,2015-2016,2016-02-06,Sat,Championship,Matchweek 30,Away,L 0–1,Hull City,Burnley,Y,CB,90,0,0,0,0,,,0,0,,,,,,,,,,,,,,,,,,,,,,,,,,,,,,,,,,,,,,,,,,,,,,,,,,,,,,,,,,,,,,,,,,,,,,,,,,,,,,,,,,,,,,,,,,,,,,,,,,,,,,,,,,,,,,,,,,,,,,,,,,,,,,,,,,,,,,,,,0,,,,
28,https://fbref.com/en/players/607fb965,Curtis Davies,2015-2016,2016-02-13,Sat,Championship,Matchweek 31,Away,W 2–0,Hull City,Blackburn,Y,CB,90,0,0,0,0,,,0,0,,,,,,,,,,,,,,,,,,,,,,,,,,,,,,,,,,,,,,,,,,,,,,,,,,,,,,,,,,,,,,,,,,,,,,,,,,,,,,,,,,,,,,,,,,,,,,,,,,,,,,,,,,,,,,,,,,,,,,,,,,,,,,,,,,,,,,,,,0,,,,
29,https://fbref.com/en/players/607fb965,Curtis Davies,2015-2016,2016-02-16,Tue,Championship,Matchweek 29,Home,D 0–0,Hull City,Brighton,Y,CB,90,0,0,0,0,,,0,0,,,,,,,,,,,,,,,,,,,,,,,,,,,,,,,,,,,,,,,,,,,,,,,,,,,,,,,,,,,,,,,,,,,,,,,,,,,,,,,,,,,,,,,,,,,,,,,,,,,,,,,,,,,,,,,,,,,,,,,,,,,,,,,,,,,,,,,,,0,,,,
30,https://fbref.com/en/players/607fb965,Curtis Davies,2015-2016,2016-02-20,Sat,FA Cup,Fifth round,Away,D 0–0,Hull City,Arsenal,Y,,90,0,0,0,0,,,0,0,,,,,,,,,,,,,,,,,,,,,,,,,,,,,,,,,,,,,,,,,,,,,,,,,,,,,,,,,,,,,,,,,,,,,,,,,,,,,,,,,,,,,,,,,,,,,,,,,,,,,,,,,,,,,,,,,,,,,,,,,,,,,,,,,,,,,,,,,0,,,,
31,https://fbref.com/en/players/607fb965,Curtis Davies,2015-2016,2016-02-23,Tue,Championship,Matchweek 33,Away,W 1–0,Hull City,Ipswich Town,Y,CB,90,0,0,0,0,,,0,0,,,,,,,,,,,,,,,,,,,,,,,,,,,,,,,,,,,,,,,,,,,,,,,,,,,,,,,,,,,,,,,,,,,,,,,,,,,,,,,,,,,,,,,,,,,,,,,,,,,,,,,,,,,,,,,,,,,,,,,,,,,,,,,,,,,,,,,,,0,,,,
32,https://fbref.com/en/players/607fb965,Curtis Davies,2015-2016,2016-02-26,Fri,Championship,Matchweek 34,Home,D 0–0,Hull City,Sheffield Weds,Y,CB,90,0,0,0,0,,,0,0,,,,,,,,,,,,,,,,,,,,,,,,,,,,,,,,,,,,,,,,,,,,,,,,,,,,,,,,,,,,,,,,,,,,,,,,,,,,,,,,,,,,,,,,,,,,,,,,,,,,,,,,,,,,,,,,,,,,,,,,,,,,,,,,,,,,,,,,,0,,,,
33,https://fbref.com/en/players/607fb965,Curtis Davies,2015-2016,2016-03-03,Thu,Championship,Matchweek 35,Away,L 0–1,Hull City,Birmingham City,Y,CB,90,0,0,0,0,,,0,0,,,,,,,,,,,,,,,,,,,,,,,,,,,,,,,,,,,,,,,,,,,,,,,,,,,,,,,,,,,,,,,,,,,,,,,,,,,,,,,,,,,,,,,,,,,,,,,,,,,,,,,,,,,,,,,,,,,,,,,,,,,,,,,,,,,,,,,,,0,,,,
34,https://fbref.com/en/players/607fb965,Curtis Davies,2015-2016,2016-03-08,Tue,FA Cup,Fifth round,Home,L 0–4,Hull City,Arsenal,Y,,90,0,0,0,0,,,0,0,,,,,,,,,,,,,,,,,,,,,,,,,,,,,,,,,,,,,,,,,,,,,,,,,,,,,,,,,,,,,,,,,,,,,,,,,,,,,,,,,,,,,,,,,,,,,,,,,,,,,,,,,,,,,,,,,,,,,,,,,,,,,,,,,,,,,,,,,0,,,,
35,https://fbref.com/en/players/607fb965,Curtis Davies,2015-2016,2016-03-12,Sat,Championship,Matchweek 37,Home,D 1–1,Hull City,MK Dons,Y,CB,90,0,0,0,0,,,0,0,,,,,,,,,,,,,,,,,,,,,,,,,,,,,,,,,,,,,,,,,,,,,,,,,,,,,,,,,,,,,,,,,,,,,,,,,,,,,,,,,,,,,,,,,,,,,,,,,,,,,,,,,,,,,,,,,,,,,,,,,,,,,,,,,,,,,,,,,0,,,,
36,https://fbref.com/en/players/607fb965,Curtis Davies,2015-2016,2016-03-15,Tue,Championship,Matchweek 32,Home,D 1–1,Hull City,Nott'ham Forest,Y,CB,90,0,0,0,0,,,0,0,,,,,,,,,,,,,,,,,,,,,,,,,,,,,,,,,,,,,,,,,,,,,,,,,,,,,,,,,,,,,,,,,,,,,,,,,,,,,,,,,,,,,,,,,,,,,,,,,,,,,,,,,,,,,,,,,,,,,,,,,,,,,,,,,,,,,,,,,0,,,,
37,https://fbref.com/en/players/607fb965,Curtis Davies,2015-2016,2016-03-18,Fri,Championship,Matchweek 38,Away,L 0–1,Hull City,Middlesbrough,Y,CB,90,0,0,0,0,,,0,0,,,,,,,,,,,,,,,,,,,,,,,,,,,,,,,,,,,,,,,,,,,,,,,,,,,,,,,,,,,,,,,,,,,,,,,,,,,,,,,,,,,,,,,,,,,,,,,,,,,,,,,,,,,,,,,,,,,,,,,,,,,,,,,,,,,,,,,,,0,,,,
38,https://fbref.com/en/players/607fb965,Curtis Davies,2015-2016,2016-04-02,Sat,Championship,Matchweek 39,Home,W 4–0,Hull City,Bristol City,Y,CB,90,1,0,0,0,,,0,0,,,,,,,,,,,,,,,,,,,,,,,,,,,,,,,,,,,,,,,,,,,,,,,,,,,,,,,,,,,,,,,,,,,,,,,,,,,,,,,,,,,,,,,,,,,,,,,,,,,,,,,,,,,,,,,,,,,,,,,,,,,,,,,,,,,,,,,,,0,,,,
39,https://fbref.com/en/players/607fb965,Curtis Davies,2015-2016,2016-04-05,Tue,Championship,Matchweek 40,Away,L 0–4,Hull City,Derby County,Y,CB,90,0,0,0,0,,,0,0,,,,,,,,,,,,,,,,,,,,,,,,,,,,,,,,,,,,,,,,,,,,,,,,,,,,,,,,,,,,,,,,,,,,,,,,,,,,,,,,,,,,,,,,,,,,,,,,,,,,,,,,,,,,,,,,,,,,,,,,,,,,,,,,,,,,,,,,,0,,,,
40,https://fbref.com/en/players/607fb965,Curtis Davies,2015-2016,2016-04-15,Fri,Championship,Matchweek 42,Home,W 2–1,Hull City,Wolves,Y,CB,90,0,0,0,0,,,0,0,,,,,,,,,,,,,,,,,,,,,,,,,,,,,,,,,,,,,,,,,,,,,,,,,,,,,,,,,,,,,,,,,,,,,,,,,,,,,,,,,,,,,,,,,,,,,,,,,,,,,,,,,,,,,,,,,,,,,,,,,,,,,,,,,,,,,,,,,0,,,,
41,https://fbref.com/en/players/607fb965,Curtis Davies,2015-2016,2016-04-19,Tue,Championship,Matchweek 43,Away,W 2–1,Hull City,Reading,Y,CB,90,0,0,0,0,,,0,0,,,,,,,,,,,,,,,,,,,,,,,,,,,,,,,,,,,,,,,,,,,,,,,,,,,,,,,,,,,,,,,,,,,,,,,,,,,,,,,,,,,,,,,,,,,,,,,,,,,,,,,,,,,,,,,,,,,,,,,,,,,,,,,,,,,,,,,,,0,,,,
42,https://fbref.com/en/players/607fb965,Curtis Davies,2015-2016,2016-04-23,Sat,Championship,Matchweek 44,Home,D 2–2,Hull City,Leeds United,Y,CB,90,0,0,0,0,,,0,0,,,,,,,,,,,,,,,,,,,,,,,,,,,,,,,,,,,,,,,,,,,,,,,,,,,,,,,,,,,,,,,,,,,,,,,,,,,,,,,,,,,,,,,,,,,,,,,,,,,,,,,,,,,,,,,,,,,,,,,,,,,,,,,,,,,,,,,,,0,,,,
43,https://fbref.com/en/players/607fb965,Curtis Davies,2015-2016,2016-05-07,Sat,Championship,Matchweek 46,Home,W 5–1,Hull City,Rotherham Utd,Y,CB,90,0,0,0,0,,,0,0,,,,,,,,,,,,,,,,,,,,,,,,,,,,,,,,,,,,,,,,,,,,,,,,,,,,,,,,,,,,,,,,,,,,,,,,,,,,,,,,,,,,,,,,,,,,,,,,,,,,,,,,,,,,,,,,,,,,,,,,,,,,,,,,,,,,,,,,,0,,,,
44,https://fbref.com/en/players/607fb965,Curtis Davies,2015-2016,2016-05-14,Sat,Championship,Semi-finals,Away,W 3–0,Hull City,Derby County,Y,CB,90,0,0,0,0,,,0,0,,,,,,,,,,,,,,,,,,,,,,,,,,,,,,,,,,,,,,,,,,,,,,,,,,,,,,,,,,,,,,,,,,,,,,,,,,,,,,,,,,,,,,,,,,,,,,,,,,,,,,,,,,,,,,,,,,,,,,,,,,,,,,,,,,,,,,,,,0,,,,
45,https://fbref.com/en/players/607fb965,Curtis Davies,2015-2016,2016-05-17,Tue,Championship,Semi-finals,Home,L 0–2,Hull City,Derby County,Y,CB,90,0,0,0,0,,,0,0,,,,,,,,,,,,,,,,,,,,,,,,,,,,,,,,,,,,,,,,,,,,,,,,,,,,,,,,,,,,,,,,,,,,,,,,,,,,,,,,,,,,,,,,,,,,,,,,,,,,,,,,,,,,,,,,,,,,,,,,,,,,,,,,,,,,,,,,,0,,,,
46,https://fbref.com/en/players/607fb965,Curtis Davies,2015-2016,2016-05-28,Sat,Championship,Final,Home,W 1–0,Hull City,Sheffield Weds,Y,CB,90,0,0,0,0,,,0,0,,,,,,,,,,,,,,,,,,,,,,,,,,,,,,,,,,,,,,,,,,,,,,,,,,,,,,,,,,,,,,,,,,,,,,,,,,,,,,,,,,,,,,,,,,,,,,,,,,,,,,,,,,,,,,,,,,,,,,,,,,,,,,,,,,,,,,,,,0,,,,
0,https://fbref.com/en/players/607fb965,Curtis Davies,2016-2017,2016-08-13,Sat,Premier League,Matchweek 1,Home,W 2–1,Hull City,Leicester City,Y*,CB,90,0,0,0,0,2,1,1,0,,,,,,,,,,,,,,,,,,,,,,,,,,,,,,,,,,,,,,,,,,,,,,,,,,,,,,,,,,,,,,,,,,,,,,,,,,,,,,,,,,,,,,,,,,,,,,,,,,,,,,,,,,,,,,,,,,,,,,,,,,,,,,,,,1,1,0,0,7,1,0,0,0,,,,
1,https://fbref.com/en/players/607fb965,Curtis Davies,2016-2017,2016-08-20,Sat,Premier League,Matchweek 2,Away,W 2–0,Hull City,Swansea City,Y*,CB,90,0,1,0,0,2,1,0,0,,,,,,,,,,,,,,,,,,,,,,,,,,,,,,,,,,,,,,,,,,,,,,,,,,,,,,,,,,,,,,,,,,,,,,,,,,,,,,,,,,,,,,,,,,,,,,,,,,,,,,,,,,,,,,,,,,,,,,,,,,,,,,,,,1,0,0,0,9,1,0,0,0,,,,
2,https://fbref.com/en/players/607fb965,Curtis Davies,2016-2017,2016-08-27,Sat,Premier League,Matchweek 3,Home,L 0–1,Hull City,Manchester Utd,Y,CB,90,0,0,0,0,0,0,0,0,,,,,,,,,,,,,,,,,,,,,,,,,,,,,,,,,,,,,,,,,,,,,,,,,,,,,,,,,,,,,,,,,,,,,,,,,,,,,,,,,,,,,,,,,,,,,,,,,,,,,,,,,,,,,,,,,,,,,,,,,,,,,,,,,0,0,0,0,5,2,0,0,0,,,,
3,https://fbref.com/en/players/607fb965,Curtis Davies,2016-2017,2016-09-10,Sat,Premier League,Matchweek 4,Away,D 1–1,Hull City,Burnley,Y*,CB,90,0,0,0,0,1,0,0,0,,,,,,,,,,,,,,,,,,,,,,,,,,,,,,,,,,,,,,,,,,,,,,,,,,,,,,,,,,,,,,,,,,,,,,,,,,,,,,,,,,,,,,,,,,,,,,,,,,,,,,,,,,,,,,,,,,,,,,,,,,,,,,,,,0,3,0,0,10,1,0,0,0,,,,
4,https://fbref.com/en/players/607fb965,Curtis Davies,2016-2017,2016-09-17,Sat,Premier League,Matchweek 5,Home,L 1–4,Hull City,Arsenal,Y*,CB,90,0,0,0,0,0,0,0,0,,,,,,,,,,,,,,,,,,,,,,,,,,,,,,,,,,,,,,,,,,,,,,,,,,,,,,,,,,,,,,,,,,,,,,,,,,,,,,,,,,,,,,,,,,,,,,,,,,,,,,,,,,,,,,,,,,,,,,,,,,,,,,,,,0,1,0,0,4,1,0,0,0,,,,
5,https://fbref.com/en/players/607fb965,Curtis Davies,2016-2017,2016-09-21,Wed,EFL Cup,Third round,Away,W 2–1,Hull City,Stoke City,Y*,CB,90,0,0,0,0,0,0,0,0,,,,,,,,,,,,,,,,,,,,,,,,,,,,,,,,,,,,,,,,,,,,,,,,,,,,,,,,,,,,,,,,,,,,,,,,,,,,,,,,,,,,,,,,,,,,,,,,,,,,,,,,,,,,,,,,,,,,,,,,,,,,,,,,,0,0,0,0,0,0,0,0,0,,,,
6,https://fbref.com/en/players/607fb965,Curtis Davies,2016-2017,2016-09-24,Sat,Premier League,Matchweek 6,Away,L 1–5,Hull City,Liverpool,Y*,CB,90,0,0,0,0,0,0,0,0,,,,,,,,,,,,,,,,,,,,,,,,,,,,,,,,,,,,,,,,,,,,,,,,,,,,,,,,,,,,,,,,,,,,,,,,,,,,,,,,,,,,,,,,,,,,,,,,,,,,,,,,,,,,,,,,,,,,,,,,,,,,,,,,,1,0,0,0,2,0,0,0,0,,,,
7,https://fbref.com/en/players/607fb965,Curtis Davies,2016-2017,2016-10-01,Sat,Premier League,Matchweek 7,Home,L 0–2,Hull City,Chelsea,Y*,CB,90,0,0,0,0,0,0,0,0,,,,,,,,,,,,,,,,,,,,,,,,,,,,,,,,,,,,,,,,,,,,,,,,,,,,,,,,,,,,,,,,,,,,,,,,,,,,,,,,,,,,,,,,,,,,,,,,,,,,,,,,,,,,,,,,,,,,,,,,,,,,,,,,,0,1,0,0,6,2,0,0,0,,,,
8,https://fbref.com/en/players/607fb965,Curtis Davies,2016-2017,2016-10-15,Sat,Premier League,Matchweek 8,Away,L 1–6,Hull City,Bournemouth,Y*,CB,90,0,0,0,0,0,0,0,0,,,,,,,,,,,,,,,,,,,,,,,,,,,,,,,,,,,,,,,,,,,,,,,,,,,,,,,,,,,,,,,,,,,,,,,,,,,,,,,,,,,,,,,,,,,,,,,,,,,,,,,,,,,,,,,,,,,,,,,,,,,,,,,,,0,1,0,0,2,1,0,0,0,,,,
9,https://fbref.com/en/players/607fb965,Curtis Davies,2016-2017,2016-10-22,Sat,Premier League,Matchweek 9,Home,L 0–2,Hull City,Stoke City,Y,CB,90,0,0,0,0,0,0,0,0,,,,,,,,,,,,,,,,,,,,,,,,,,,,,,,,,,,,,,,,,,,,,,,,,,,,,,,,,,,,,,,,,,,,,,,,,,,,,,,,,,,,,,,,,,,,,,,,,,,,,,,,,,,,,,,,,,,,,,,,,,,,,,,,,2,1,0,1,1,1,0,0,0,,,,
10,https://fbref.com/en/players/607fb965,Curtis Davies,2016-2017,2016-10-25,Tue,EFL Cup,Fourth round,Away,W 2–1,Hull City,Bristol City,Y,CB,90,0,0,0,0,1,1,1,0,,,,,,,,,,,,,,,,,,,,,,,,,,,,,,,,,,,,,,,,,,,,,,,,,,,,,,,,,,,,,,,,,,,,,,,,,,,,,,,,,,,,,,,,,,,,,,,,,,,,,,,,,,,,,,,,,,,,,,,,,,,,,,,,,1,1,0,0,0,0,0,0,0,,,,
11,https://fbref.com/en/players/607fb965,Curtis Davies,2016-2017,2016-10-29,Sat,Premier League,Matchweek 10,Away,L 0–1,Hull City,Watford,Y,CB,90,0,0,0,0,1,0,0,0,,,,,,,,,,,,,,,,,,,,,,,,,,,,,,,,,,,,,,,,,,,,,,,,,,,,,,,,,,,,,,,,,,,,,,,,,,,,,,,,,,,,,,,,,,,,,,,,,,,,,,,,,,,,,,,,,,,,,,,,,,,,,,,,,0,2,0,1,1,1,0,0,0,,,,
12,https://fbref.com/en/players/607fb965,Curtis Davies,2016-2017,2016-11-06,Sun,Premier League,Matchweek 11,Home,W 2–1,Hull City,Southampton,Y,CB,90,0,0,0,0,0,0,0,0,,,,,,,,,,,,,,,,,,,,,,,,,,,,,,,,,,,,,,,,,,,,,,,,,,,,,,,,,,,,,,,,,,,,,,,,,,,,,,,,,,,,,,,,,,,,,,,,,,,,,,,,,,,,,,,,,,,,,,,,,,,,,,,,,1,1,0,0,2,1,0,1,0,,,,
13,https://fbref.com/en/players/607fb965,Curtis Davies,2016-2017,2016-11-19,Sat,Premier League,Matchweek 12,Away,L 0–3,Hull City,Sunderland,Y,CB,90,0,0,0,0,1,1,0,0,,,,,,,,,,,,,,,,,,,,,,,,,,,,,,,,,,,,,,,,,,,,,,,,,,,,,,,,,,,,,,,,,,,,,,,,,,,,,,,,,,,,,,,,,,,,,,,,,,,,,,,,,,,,,,,,,,,,,,,,,,,,,,,,,0,0,0,0,3,2,0,0,0,,,,
14,https://fbref.com/en/players/607fb965,Curtis Davies,2016-2017,2016-11-26,Sat,Premier League,Matchweek 13,Home,D 1–1,Hull City,West Brom,Y,CB,90,0,0,0,0,1,0,0,0,,,,,,,,,,,,,,,,,,,,,,,,,,,,,,,,,,,,,,,,,,,,,,,,,,,,,,,,,,,,,,,,,,,,,,,,,,,,,,,,,,,,,,,,,,,,,,,,,,,,,,,,,,,,,,,,,,,,,,,,,,,,,,,,,1,2,0,0,2,0,0,0,0,,,,
15,https://fbref.com/en/players/607fb965,Curtis Davies,2016-2017,2016-12-05,Mon,Premier League,Matchweek 14,Away,L 0–1,Hull City,Middlesbrough,Y,CB,90,0,0,0,0,0,0,0,0,,,,,,,,,,,,,,,,,,,,,,,,,,,,,,,,,,,,,,,,,,,,,,,,,,,,,,,,,,,,,,,,,,,,,,,,,,,,,,,,,,,,,,,,,,,,,,,,,,,,,,,,,,,,,,,,,,,,,,,,,,,,,,,,,1,1,0,0,2,0,0,0,0,,,,
16,https://fbref.com/en/players/607fb965,Curtis Davies,2016-2017,2016-12-10,Sat,Premier League,Matchweek 15,Home,D 3–3,Hull City,Crystal Palace,Y,CB,90,0,0,0,0,0,0,0,0,,,,,,,,,,,,,,,,,,,,,,,,,,,,,,,,,,,,,,,,,,,,,,,,,,,,,,,,,,,,,,,,,,,,,,,,,,,,,,,,,,,,,,,,,,,,,,,,,,,,,,,,,,,,,,,,,,,,,,,,,,,,,,,,,0,1,0,1,1,1,0,0,0,,,,
17,https://fbref.com/en/players/607fb965,Curtis Davies,2016-2017,2016-12-14,Wed,Premier League,Matchweek 16,Away,L 0–3,Hull City,Tottenham,Y,CB,90,0,0,0,0,0,0,1,0,,,,,,,,,,,,,,,,,,,,,,,,,,,,,,,,,,,,,,,,,,,,,,,,,,,,,,,,,,,,,,,,,,,,,,,,,,,,,,,,,,,,,,,,,,,,,,,,,,,,,,,,,,,,,,,,,,,,,,,,,,,,,,,,,0,0,0,0,5,2,0,0,0,,,,
18,https://fbref.com/en/players/607fb965,Curtis Davies,2016-2017,2016-12-17,Sat,Premier League,Matchweek 17,Away,L 0–1,Hull City,West Ham,Y,CB,90,0,0,0,0,0,0,0,0,,,,,,,,,,,,,,,,,,,,,,,,,,,,,,,,,,,,,,,,,,,,,,,,,,,,,,,,,,,,,,,,,,,,,,,,,,,,,,,,,,,,,,,,,,,,,,,,,,,,,,,,,,,,,,,,,,,,,,,,,,,,,,,,,0,0,0,0,2,2,0,0,0,,,,
19,https://fbref.com/en/players/607fb965,Curtis Davies,2016-2017,2016-12-26,Mon,Premier League,Matchweek 18,Home,L 0–3,Hull City,Manchester City,Y,CB,90,0,0,0,0,0,0,0,0,,,,,,,,,,,,,,,,,,,,,,,,,,,,,,,,,,,,,,,,,,,,,,,,,,,,,,,,,,,,,,,,,,,,,,,,,,,,,,,,,,,,,,,,,,,,,,,,,,,,,,,,,,,,,,,,,,,,,,,,,,,,,,,,,0,0,0,0,3,0,0,0,1,,,,
20,https://fbref.com/en/players/607fb965,Curtis Davies,2016-2017,2016-12-30,Fri,Premier League,Matchweek 19,Home,D 2–2,Hull City,Everton,Y,CB,90,0,1,0,0,0,0,0,0,,,,,,,,,,,,,,,,,,,,,,,,,,,,,,,,,,,,,,,,,,,,,,,,,,,,,,,,,,,,,,,,,,,,,,,,,,,,,,,,,,,,,,,,,,,,,,,,,,,,,,,,,,,,,,,,,,,,,,,,,,,,,,,,,0,1,0,0,4,2,0,0,0,,,,
21,https://fbref.com/en/players/607fb965,Curtis Davies,2016-2017,2017-01-02,Mon,Premier League,Matchweek 20,Away,L 1–3,Hull City,West Brom,Y,CB,83,0,0,0,0,0,0,0,0,,,,,,,,,,,,,,,,,,,,,,,,,,,,,,,,,,,,,,,,,,,,,,,,,,,,,,,,,,,,,,,,,,,,,,,,,,,,,,,,,,,,,,,,,,,,,,,,,,,,,,,,,,,,,,,,,,,,,,,,,,,,,,,,,0,1,0,0,6,0,0,0,0,,,,
22,https://fbref.com/en/players/607fb965,Curtis Davies,2016-2017,2017-01-14,Sat,Premier League,Matchweek 21,Home,W 3–1,Hull City,Bournemouth,Y,CB,90,0,0,0,0,2,0,0,0,,,,,,,,,,,,,,,,,,,,,,,,,,,,,,,,,,,,,,,,,,,,,,,,,,,,,,,,,,,,,,,,,,,,,,,,,,,,,,,,,,,,,,,,,,,,,,,,,,,,,,,,,,,,,,,,,,,,,,,,,,,,,,,,,1,2,0,1,4,0,0,0,0,,,,
23,https://fbref.com/en/players/607fb965,Curtis Davies,2016-2017,2017-01-22,Sun,Premier League,Matchweek 22,Away,L 0–2,Hull City,Chelsea,Y,CB,58,0,0,0,0,0,0,1,0,,,,,,,,,,,,,,,,,,,,,,,,,,,,,,,,,,,,,,,,,,,,,,,,,,,,,,,,,,,,,,,,,,,,,,,,,,,,,,,,,,,,,,,,,,,,,,,,,,,,,,,,,,,,,,,,,,,,,,,,,,,,,,,,,2,0,0,0,2,1,0,0,0,,,,
24,https://fbref.com/en/players/607fb965,Curtis Davies,2016-2017,2017-01-29,Sun,FA Cup,Fourth round,Away,L 1–4,Hull City,Fulham,Y,,9,0,0,0,0,,,0,0,,,,,,,,,,,,,,,,,,,,,,,,,,,,,,,,,,,,,,,,,,,,,,,,,,,,,,,,,,,,,,,,,,,,,,,,,,,,,,,,,,,,,,,,,,,,,,,,,,,,,,,,,,,,,,,,,,,,,,,,,,,,,,,,,,,,,,,,,0,,,,
25,https://fbref.com/en/players/607fb965,Curtis Davies,2016-2017,2017-03-18,Sat,Premier League,Matchweek 29,Away,L 0–4,Hull City,Everton,Y,CB,63,0,0,0,0,0,0,0,0,,,,,,,,,,,,,,,,,,,,,,,,,,,,,,,,,,,,,,,,,,,,,,,,,,,,,,,,,,,,,,,,,,,,,,,,,,,,,,,,,,,,,,,,,,,,,,,,,,,,,,,,,,,,,,,,,,,,,,,,,,,,,,,,,0,0,0,1,4,0,0,0,0,,,,
26,https://fbref.com/en/players/607fb965,Curtis Davies,2016-2017,2017-04-01,Sat,Premier League,Matchweek 30,Home,W 2–1,Hull City,West Ham,Y*,CB,44,0,0,0,0,0,0,0,0,,,,,,,,,,,,,,,,,,,,,,,,,,,,,,,,,,,,,,,,,,,,,,,,,,,,,,,,,,,,,,,,,,,,,,,,,,,,,,,,,,,,,,,,,,,,,,,,,,,,,,,,,,,,,,,,,,,,,,,,,,,,,,,,,0,1,0,0,0,0,0,0,0,,,,
27,https://fbref.com/en/players/607fb965,Curtis Davies,2016-2017,2017-05-14,Sun,Premier League,Matchweek 37,Away,L 0–4,Hull City,Crystal Palace,N,,41,0,0,0,0,0,0,1,0,,,,,,,,,,,,,,,,,,,,,,,,,,,,,,,,,,,,,,,,,,,,,,,,,,,,,,,,,,,,,,,,,,,,,,,,,,,,,,,,,,,,,,,,,,,,,,,,,,,,,,,,,,,,,,,,,,,,,,,,,,,,,,,,,1,2,0,0,1,2,0,0,0,,,,
28,https://fbref.com/en/players/607fb965,Curtis Davies,2016-2017,2017-05-21,Sun,Premier League,Matchweek 38,Home,L 1–7,Hull City,Tottenham,Y,CB,45,0,0,0,0,0,0,0,0,,,,,,,,,,,,,,,,,,,,,,,,,,,,,,,,,,,,,,,,,,,,,,,,,,,,,,,,,,,,,,,,,,,,,,,,,,,,,,,,,,,,,,,,,,,,,,,,,,,,,,,,,,,,,,,,,,,,,,,,,,,,,,,,,0,0,0,0,4,1,0,0,0,,,,
0,https://fbref.com/en/players/607fb965,Curtis Davies,2017-2018,2017-08-04,Fri,Championship,Matchweek 1,Away,D 1–1,Derby County,Sunderland,Y,CB,90,0,0,0,0,0,0,0,0,,,,,,,,,,,,,,,,,,,,,,,,,,,,,,,,,,,,,,,,,,,,,,,,,,,,,,,,,,,,,,,,,,,,,,,,,,,,,,,,,,,,,,,,,,,,,,,,,,,,,,,,,,,,,,,,,,,,,,,,,,,,,,,,,0,0,0,0,3,0,0,0,0,,,,
1,https://fbref.com/en/players/607fb965,Curtis Davies,2017-2018,2017-08-12,Sat,Championship,Matchweek 2,Home,L 0–2,Derby County,Wolves,Y,CB,90,0,0,0,0,2,0,0,0,,,,,,,,,,,,,,,,,,,,,,,,,,,,,,,,,,,,,,,,,,,,,,,,,,,,,,,,,,,,,,,,,,,,,,,,,,,,,,,,,,,,,,,,,,,,,,,,,,,,,,,,,,,,,,,,,,,,,,,,,,,,,,,,,0,0,0,0,1,0,0,0,0,,,,
2,https://fbref.com/en/players/607fb965,Curtis Davies,2017-2018,2017-08-15,Tue,Championship,Matchweek 3,Home,W 1–0,Derby County,Preston,Y,CB,90,0,0,0,0,0,0,0,0,,,,,,,,,,,,,,,,,,,,,,,,,,,,,,,,,,,,,,,,,,,,,,,,,,,,,,,,,,,,,,,,,,,,,,,,,,,,,,,,,,,,,,,,,,,,,,,,,,,,,,,,,,,,,,,,,,,,,,,,,,,,,,,,,2,2,0,0,1,0,1,0,0,,,,
3,https://fbref.com/en/players/607fb965,Curtis Davies,2017-2018,2017-08-19,Sat,Championship,Matchweek 4,Away,W 2–1,Derby County,Bolton,Y,CB,90,0,0,0,0,0,0,0,0,,,,,,,,,,,,,,,,,,,,,,,,,,,,,,,,,,,,,,,,,,,,,,,,,,,,,,,,,,,,,,,,,,,,,,,,,,,,,,,,,,,,,,,,,,,,,,,,,,,,,,,,,,,,,,,,,,,,,,,,,,,,,,,,,0,0,0,0,4,1,0,0,0,,,,
4,https://fbref.com/en/players/607fb965,Curtis Davies,2017-2018,2017-08-26,Sat,Championship,Matchweek 5,Away,L 1–3,Derby County,Sheffield Utd,Y,CB,90,0,0,0,0,0,0,0,0,,,,,,,,,,,,,,,,,,,,,,,,,,,,,,,,,,,,,,,,,,,,,,,,,,,,,,,,,,,,,,,,,,,,,,,,,,,,,,,,,,,,,,,,,,,,,,,,,,,,,,,,,,,,,,,,,,,,,,,,,,,,,,,,,0,2,0,0,6,2,0,0,0,,,,
5,https://fbref.com/en/players/607fb965,Curtis Davies,2017-2018,2017-09-08,Fri,Championship,Matchweek 6,Home,W 5–0,Derby County,Hull City,Y,CB,90,1,0,0,0,1,1,0,0,,,,,,,,,,,,,,,,,,,,,,,,,,,,,,,,,,,,,,,,,,,,,,,,,,,,,,,,,,,,,,,,,,,,,,,,,,,,,,,,,,,,,,,,,,,,,,,,,,,,,,,,,,,,,,,,,,,,,,,,,,,,,,,,,3,0,0,0,5,1,0,0,0,,,,
6,https://fbref.com/en/players/607fb965,Curtis Davies,2017-2018,2017-09-16,Sat,Championship,Matchweek 8,Away,L 1–4,Derby County,Bristol City,Y,CB,90,0,0,0,0,0,0,1,0,,,,,,,,,,,,,,,,,,,,,,,,,,,,,,,,,,,,,,,,,,,,,,,,,,,,,,,,,,,,,,,,,,,,,,,,,,,,,,,,,,,,,,,,,,,,,,,,,,,,,,,,,,,,,,,,,,,,,,,,,,,,,,,,,1,0,0,0,4,3,0,0,0,,,,
7,https://fbref.com/en/players/607fb965,Curtis Davies,2017-2018,2017-09-23,Sat,Championship,Matchweek 9,Home,D 1–1,Derby County,Birmingham City,Y,CB,90,0,0,0,0,0,0,0,0,,,,,,,,,,,,,,,,,,,,,,,,,,,,,,,,,,,,,,,,,,,,,,,,,,,,,,,,,,,,,,,,,,,,,,,,,,,,,,,,,,,,,,,,,,,,,,,,,,,,,,,,,,,,,,,,,,,,,,,,,,,,,,,,,0,0,0,0,3,3,0,0,0,,,,
8,https://fbref.com/en/players/607fb965,Curtis Davies,2017-2018,2017-09-26,Tue,Championship,Matchweek 10,Away,D 1–1,Derby County,Brentford,Y,CB,90,0,0,0,0,0,0,0,0,,,,,,,,,,,,,,,,,,,,,,,,,,,,,,,,,,,,,,,,,,,,,,,,,,,,,,,,,,,,,,,,,,,,,,,,,,,,,,,,,,,,,,,,,,,,,,,,,,,,,,,,,,,,,,,,,,,,,,,,,,,,,,,,,0,0,0,0,1,1,0,0,0,,,,
9,https://fbref.com/en/players/607fb965,Curtis Davies,2017-2018,2017-09-30,Sat,Championship,Matchweek 11,Away,D 0–0,Derby County,Cardiff City,Y,CB,90,0,0,0,0,0,0,0,0,,,,,,,,,,,,,,,,,,,,,,,,,,,,,,,,,,,,,,,,,,,,,,,,,,,,,,,,,,,,,,,,,,,,,,,,,,,,,,,,,,,,,,,,,,,,,,,,,,,,,,,,,,,,,,,,,,,,,,,,,,,,,,,,,2,3,0,0,4,1,0,0,0,,,,
10,https://fbref.com/en/players/607fb965,Curtis Davies,2017-2018,2017-10-15,Sun,Championship,Matchweek 12,Home,W 2–0,Derby County,Nott'ham Forest,Y,CB,90,0,0,0,0,1,0,0,0,,,,,,,,,,,,,,,,,,,,,,,,,,,,,,,,,,,,,,,,,,,,,,,,,,,,,,,,,,,,,,,,,,,,,,,,,,,,,,,,,,,,,,,,,,,,,,,,,,,,,,,,,,,,,,,,,,,,,,,,,,,,,,,,,0,0,0,0,3,0,0,0,0,,,,
11,https://fbref.com/en/players/607fb965,Curtis Davies,2017-2018,2017-10-21,Sat,Championship,Matchweek 13,Home,W 2–0,Derby County,Sheffield Weds,Y,CB,90,0,0,0,0,1,0,0,0,,,,,,,,,,,,,,,,,,,,,,,,,,,,,,,,,,,,,,,,,,,,,,,,,,,,,,,,,,,,,,,,,,,,,,,,,,,,,,,,,,,,,,,,,,,,,,,,,,,,,,,,,,,,,,,,,,,,,,,,,,,,,,,,,0,0,0,0,2,1,0,0,0,,,,
12,https://fbref.com/en/players/607fb965,Curtis Davies,2017-2018,2017-10-28,Sat,Championship,Matchweek 14,Away,W 2–1,Derby County,Norwich City,Y,CB,90,0,0,0,0,0,0,0,0,,,,,,,,,,,,,,,,,,,,,,,,,,,,,,,,,,,,,,,,,,,,,,,,,,,,,,,,,,,,,,,,,,,,,,,,,,,,,,,,,,,,,,,,,,,,,,,,,,,,,,,,,,,,,,,,,,,,,,,,,,,,,,,,,0,0,0,0,1,0,0,0,0,,,,
13,https://fbref.com/en/players/607fb965,Curtis Davies,2017-2018,2017-10-31,Tue,Championship,Matchweek 15,Away,W 2–1,Derby County,Leeds United,Y,CB,90,0,0,0,0,0,0,0,0,,,,,,,,,,,,,,,,,,,,,,,,,,,,,,,,,,,,,,,,,,,,,,,,,,,,,,,,,,,,,,,,,,,,,,,,,,,,,,,,,,,,,,,,,,,,,,,,,,,,,,,,,,,,,,,,,,,,,,,,,,,,,,,,,0,1,0,0,1,1,0,0,0,,,,
14,https://fbref.com/en/players/607fb965,Curtis Davies,2017-2018,2017-11-04,Sat,Championship,Matchweek 16,Home,L 2–4,Derby County,Reading,Y,CB,90,0,0,0,0,0,0,0,0,,,,,,,,,,,,,,,,,,,,,,,,,,,,,,,,,,,,,,,,,,,,,,,,,,,,,,,,,,,,,,,,,,,,,,,,,,,,,,,,,,,,,,,,,,,,,,,,,,,,,,,,,,,,,,,,,,,,,,,,,,,,,,,,,0,0,0,0,2,0,0,0,0,,,,
15,https://fbref.com/en/players/607fb965,Curtis Davies,2017-2018,2017-11-18,Sat,Championship,Matchweek 17,Away,D 1–1,Derby County,Fulham,Y,CB,90,0,0,0,0,0,0,0,0,,,,,,,,,,,,,,,,,,,,,,,,,,,,,,,,,,,,,,,,,,,,,,,,,,,,,,,,,,,,,,,,,,,,,,,,,,,,,,,,,,,,,,,,,,,,,,,,,,,,,,,,,,,,,,,,,,,,,,,,,,,,,,,,,1,2,0,0,1,1,0,0,0,,,,
16,https://fbref.com/en/players/607fb965,Curtis Davies,2017-2018,2017-11-21,Tue,Championship,Matchweek 18,Home,W 2–0,Derby County,QPR,Y,CB,90,0,0,0,0,0,0,0,0,,,,,,,,,,,,,,,,,,,,,,,,,,,,,,,,,,,,,,,,,,,,,,,,,,,,,,,,,,,,,,,,,,,,,,,,,,,,,,,,,,,,,,,,,,,,,,,,,,,,,,,,,,,,,,,,,,,,,,,,,,,,,,,,,0,2,0,0,4,0,0,0,0,,,,
17,https://fbref.com/en/players/607fb965,Curtis Davies,2017-2018,2017-11-25,Sat,Championship,Matchweek 19,Away,W 3–0,Derby County,Middlesbrough,Y,CB,90,0,0,0,0,0,0,0,0,,,,,,,,,,,,,,,,,,,,,,,,,,,,,,,,,,,,,,,,,,,,,,,,,,,,,,,,,,,,,,,,,,,,,,,,,,,,,,,,,,,,,,,,,,,,,,,,,,,,,,,,,,,,,,,,,,,,,,,,,,,,,,,,,0,3,0,0,2,3,0,0,0,,,,
18,https://fbref.com/en/players/607fb965,Curtis Davies,2017-2018,2017-11-28,Tue,Championship,Matchweek 7,Home,L 0–1,Derby County,Ipswich Town,Y,CB,82,0,0,0,0,0,0,0,0,,,,,,,,,,,,,,,,,,,,,,,,,,,,,,,,,,,,,,,,,,,,,,,,,,,,,,,,,,,,,,,,,,,,,,,,,,,,,,,,,,,,,,,,,,,,,,,,,,,,,,,,,,,,,,,,,,,,,,,,,,,,,,,,,0,4,0,0,4,2,0,0,0,,,,
19,https://fbref.com/en/players/607fb965,Curtis Davies,2017-2018,2017-12-02,Sat,Championship,Matchweek 20,Home,W 1–0,Derby County,Burton Albion,Y,CB,90,0,0,0,0,1,0,0,0,,,,,,,,,,,,,,,,,,,,,,,,,,,,,,,,,,,,,,,,,,,,,,,,,,,,,,,,,,,,,,,,,,,,,,,,,,,,,,,,,,,,,,,,,,,,,,,,,,,,,,,,,,,,,,,,,,,,,,,,,,,,,,,,,3,0,0,0,9,1,0,0,0,,,,
20,https://fbref.com/en/players/607fb965,Curtis Davies,2017-2018,2017-12-09,Sat,Championship,Matchweek 21,Away,W 3–0,Derby County,Barnsley,Y,CB,90,0,0,0,0,1,0,0,0,,,,,,,,,,,,,,,,,,,,,,,,,,,,,,,,,,,,,,,,,,,,,,,,,,,,,,,,,,,,,,,,,,,,,,,,,,,,,,,,,,,,,,,,,,,,,,,,,,,,,,,,,,,,,,,,,,,,,,,,,,,,,,,,,2,0,0,0,3,2,0,0,0,,,,
21,https://fbref.com/en/players/607fb965,Curtis Davies,2017-2018,2017-12-16,Sat,Championship,Matchweek 22,Home,W 2–0,Derby County,Aston Villa,Y,CB,90,0,0,0,0,0,0,0,0,,,,,,,,,,,,,,,,,,,,,,,,,,,,,,,,,,,,,,,,,,,,,,,,,,,,,,,,,,,,,,,,,,,,,,,,,,,,,,,,,,,,,,,,,,,,,,,,,,,,,,,,,,,,,,,,,,,,,,,,,,,,,,,,,0,1,0,0,1,0,0,0,0,,,,
22,https://fbref.com/en/players/607fb965,Curtis Davies,2017-2018,2017-12-23,Sat,Championship,Matchweek 23,Home,W 3–0,Derby County,Millwall,Y,CB,90,0,0,0,0,1,1,0,0,,,,,,,,,,,,,,,,,,,,,,,,,,,,,,,,,,,,,,,,,,,,,,,,,,,,,,,,,,,,,,,,,,,,,,,,,,,,,,,,,,,,,,,,,,,,,,,,,,,,,,,,,,,,,,,,,,,,,,,,,,,,,,,,,0,1,0,0,0,1,0,0,0,,,,
23,https://fbref.com/en/players/607fb965,Curtis Davies,2017-2018,2017-12-26,Tue,Championship,Matchweek 24,Away,D 0–0,Derby County,Hull City,Y,CB,90,0,0,0,0,1,0,0,0,,,,,,,,,,,,,,,,,,,,,,,,,,,,,,,,,,,,,,,,,,,,,,,,,,,,,,,,,,,,,,,,,,,,,,,,,,,,,,,,,,,,,,,,,,,,,,,,,,,,,,,,,,,,,,,,,,,,,,,,,,,,,,,,,1,0,0,0,2,1,0,0,0,,,,
24,https://fbref.com/en/players/607fb965,Curtis Davies,2017-2018,2017-12-30,Sat,Championship,Matchweek 25,Away,W 2–1,Derby County,Ipswich Town,Y,CB,90,0,0,0,0,0,0,0,0,,,,,,,,,,,,,,,,,,,,,,,,,,,,,,,,,,,,,,,,,,,,,,,,,,,,,,,,,,,,,,,,,,,,,,,,,,,,,,,,,,,,,,,,,,,,,,,,,,,,,,,,,,,,,,,,,,,,,,,,,,,,,,,,,0,1,0,0,2,1,0,0,0,,,,
25,https://fbref.com/en/players/607fb965,Curtis Davies,2017-2018,2018-01-01,Mon,Championship,Matchweek 26,Home,D 1–1,Derby County,Sheffield Utd,Y,CB,90,0,0,0,0,0,0,0,0,,,,,,,,,,,,,,,,,,,,,,,,,,,,,,,,,,,,,,,,,,,,,,,,,,,,,,,,,,,,,,,,,,,,,,,,,,,,,,,,,,,,,,,,,,,,,,,,,,,,,,,,,,,,,,,,,,,,,,,,,,,,,,,,,2,1,0,1,4,2,0,0,0,,,,
26,https://fbref.com/en/players/607fb965,Curtis Davies,2017-2018,2018-01-13,Sat,Championship,Matchweek 27,Away,W 3–0,Derby County,Birmingham City,Y,CB,90,0,0,0,0,0,0,1,0,,,,,,,,,,,,,,,,,,,,,,,,,,,,,,,,,,,,,,,,,,,,,,,,,,,,,,,,,,,,,,,,,,,,,,,,,,,,,,,,,,,,,,,,,,,,,,,,,,,,,,,,,,,,,,,,,,,,,,,,,,,,,,,,,1,2,0,0,2,0,0,0,0,,,,
27,https://fbref.com/en/players/607fb965,Curtis Davies,2017-2018,2018-01-19,Fri,Championship,Matchweek 28,Home,D 0–0,Derby County,Bristol City,Y,CB,90,0,0,0,0,2,1,0,0,,,,,,,,,,,,,,,,,,,,,,,,,,,,,,,,,,,,,,,,,,,,,,,,,,,,,,,,,,,,,,,,,,,,,,,,,,,,,,,,,,,,,,,,,,,,,,,,,,,,,,,,,,,,,,,,,,,,,,,,,,,,,,,,,0,3,0,0,1,1,0,0,0,,,,
28,https://fbref.com/en/players/607fb965,Curtis Davies,2017-2018,2018-01-30,Tue,Championship,Matchweek 29,Away,D 0–0,Derby County,Millwall,Y,CB,90,0,0,0,0,0,0,0,0,,,,,,,,,,,,,,,,,,,,,,,,,,,,,,,,,,,,,,,,,,,,,,,,,,,,,,,,,,,,,,,,,,,,,,,,,,,,,,,,,,,,,,,,,,,,,,,,,,,,,,,,,,,,,,,,,,,,,,,,,,,,,,,,,0,2,0,0,2,2,0,0,0,,,,
29,https://fbref.com/en/players/607fb965,Curtis Davies,2017-2018,2018-02-03,Sat,Championship,Matchweek 30,Home,W 3–0,Derby County,Brentford,Y,CB,90,0,0,0,0,1,0,0,0,,,,,,,,,,,,,,,,,,,,,,,,,,,,,,,,,,,,,,,,,,,,,,,,,,,,,,,,,,,,,,,,,,,,,,,,,,,,,,,,,,,,,,,,,,,,,,,,,,,,,,,,,,,,,,,,,,,,,,,,,,,,,,,,,0,0,0,0,5,2,0,0,0,,,,
30,https://fbref.com/en/players/607fb965,Curtis Davies,2017-2018,2018-02-10,Sat,Championship,Matchweek 31,Home,D 1–1,Derby County,Norwich City,Y,CB,90,0,0,0,0,2,1,0,0,,,,,,,,,,,,,,,,,,,,,,,,,,,,,,,,,,,,,,,,,,,,,,,,,,,,,,,,,,,,,,,,,,,,,,,,,,,,,,,,,,,,,,,,,,,,,,,,,,,,,,,,,,,,,,,,,,,,,,,,,,,,,,,,,0,1,0,0,4,0,0,0,0,,,,
31,https://fbref.com/en/players/607fb965,Curtis Davies,2017-2018,2018-02-13,Tue,Championship,Matchweek 32,Away,L 0–2,Derby County,Sheffield Weds,Y,CB,90,0,0,0,0,2,0,0,0,,,,,,,,,,,,,,,,,,,,,,,,,,,,,,,,,,,,,,,,,,,,,,,,,,,,,,,,,,,,,,,,,,,,,,,,,,,,,,,,,,,,,,,,,,,,,,,,,,,,,,,,,,,,,,,,,,,,,,,,,,,,,,,,,2,1,0,1,0,0,0,0,0,,,,
32,https://fbref.com/en/players/607fb965,Curtis Davies,2017-2018,2018-02-21,Wed,Championship,Matchweek 33,Home,D 2–2,Derby County,Leeds United,Y,CB,90,0,1,0,0,0,0,0,0,,,,,,,,,,,,,,,,,,,,,,,,,,,,,,,,,,,,,,,,,,,,,,,,,,,,,,,,,,,,,,,,,,,,,,,,,,,,,,,,,,,,,,,,,,,,,,,,,,,,,,,,,,,,,,,,,,,,,,,,,,,,,,,,,0,0,0,0,0,0,0,0,0,,,,
33,https://fbref.com/en/players/607fb965,Curtis Davies,2017-2018,2018-02-24,Sat,Championship,Matchweek 34,Away,D 3–3,Derby County,Reading,Y,CB,90,0,1,0,0,0,0,0,0,,,,,,,,,,,,,,,,,,,,,,,,,,,,,,,,,,,,,,,,,,,,,,,,,,,,,,,,,,,,,,,,,,,,,,,,,,,,,,,,,,,,,,,,,,,,,,,,,,,,,,,,,,,,,,,,,,,,,,,,,,,,,,,,,0,0,0,0,1,0,0,0,0,,,,
34,https://fbref.com/en/players/607fb965,Curtis Davies,2017-2018,2018-03-03,Sat,Championship,Matchweek 35,Home,L 1–2,Derby County,Fulham,Y,CB,90,0,0,0,0,1,0,0,0,,,,,,,,,,,,,,,,,,,,,,,,,,,,,,,,,,,,,,,,,,,,,,,,,,,,,,,,,,,,,,,,,,,,,,,,,,,,,,,,,,,,,,,,,,,,,,,,,,,,,,,,,,,,,,,,,,,,,,,,,,,,,,,,,0,0,0,0,4,3,0,0,0,,,,
35,https://fbref.com/en/players/607fb965,Curtis Davies,2017-2018,2018-03-06,Tue,Championship,Matchweek 36,Away,D 1–1,Derby County,QPR,Y,CB,90,0,0,0,0,1,1,0,0,,,,,,,,,,,,,,,,,,,,,,,,,,,,,,,,,,,,,,,,,,,,,,,,,,,,,,,,,,,,,,,,,,,,,,,,,,,,,,,,,,,,,,,,,,,,,,,,,,,,,,,,,,,,,,,,,,,,,,,,,,,,,,,,,0,2,0,0,2,1,0,0,0,,,,
36,https://fbref.com/en/players/607fb965,Curtis Davies,2017-2018,2018-03-11,Sun,Championship,Matchweek 37,Away,D 0–0,Derby County,Nott'ham Forest,Y,CB,90,0,0,0,0,2,0,0,0,,,,,,,,,,,,,,,,,,,,,,,,,,,,,,,,,,,,,,,,,,,,,,,,,,,,,,,,,,,,,,,,,,,,,,,,,,,,,,,,,,,,,,,,,,,,,,,,,,,,,,,,,,,,,,,,,,,,,,,,,,,,,,,,,1,2,1,0,2,2,0,0,0,,,,
37,https://fbref.com/en/players/607fb965,Curtis Davies,2017-2018,2018-03-30,Fri,Championship,Matchweek 39,Home,L 1–4,Derby County,Sunderland,Y,CB,90,0,0,0,0,0,0,0,0,,,,,,,,,,,,,,,,,,,,,,,,,,,,,,,,,,,,,,,,,,,,,,,,,,,,,,,,,,,,,,,,,,,,,,,,,,,,,,,,,,,,,,,,,,,,,,,,,,,,,,,,,,,,,,,,,,,,,,,,,,,,,,,,,1,3,0,0,2,1,0,0,0,,,,
38,https://fbref.com/en/players/607fb965,Curtis Davies,2017-2018,2018-04-02,Mon,Championship,Matchweek 40,Away,W 1–0,Derby County,Preston,Y*,CB,90,0,0,0,0,0,0,0,0,,,,,,,,,,,,,,,,,,,,,,,,,,,,,,,,,,,,,,,,,,,,,,,,,,,,,,,,,,,,,,,,,,,,,,,,,,,,,,,,,,,,,,,,,,,,,,,,,,,,,,,,,,,,,,,,,,,,,,,,,,,,,,,,,1,1,0,0,2,1,0,0,0,,,,
39,https://fbref.com/en/players/607fb965,Curtis Davies,2017-2018,2018-04-07,Sat,Championship,Matchweek 41,Home,W 3–0,Derby County,Bolton,Y*,CB,90,0,1,0,0,0,0,0,0,,,,,,,,,,,,,,,,,,,,,,,,,,,,,,,,,,,,,,,,,,,,,,,,,,,,,,,,,,,,,,,,,,,,,,,,,,,,,,,,,,,,,,,,,,,,,,,,,,,,,,,,,,,,,,,,,,,,,,,,,,,,,,,,,0,2,0,0,4,0,0,0,0,,,,
40,https://fbref.com/en/players/607fb965,Curtis Davies,2017-2018,2018-04-11,Wed,Championship,Matchweek 42,Away,L 0–2,Derby County,Wolves,Y*,CB,90,0,0,0,0,0,0,0,0,,,,,,,,,,,,,,,,,,,,,,,,,,,,,,,,,,,,,,,,,,,,,,,,,,,,,,,,,,,,,,,,,,,,,,,,,,,,,,,,,,,,,,,,,,,,,,,,,,,,,,,,,,,,,,,,,,,,,,,,,,,,,,,,,1,0,0,1,2,3,0,0,0,,,,
41,https://fbref.com/en/players/607fb965,Curtis Davies,2017-2018,2018-04-14,Sat,Championship,Matchweek 43,Away,L 1–3,Derby County,Burton Albion,Y*,CB,90,0,0,0,0,1,0,0,0,,,,,,,,,,,,,,,,,,,,,,,,,,,,,,,,,,,,,,,,,,,,,,,,,,,,,,,,,,,,,,,,,,,,,,,,,,,,,,,,,,,,,,,,,,,,,,,,,,,,,,,,,,,,,,,,,,,,,,,,,,,,,,,,,0,0,0,0,2,0,0,0,0,,,,
42,https://fbref.com/en/players/607fb965,Curtis Davies,2017-2018,2018-04-21,Sat,Championship,Matchweek 44,Home,L 1–2,Derby County,Middlesbrough,Y*,CB,90,0,0,0,0,1,0,0,0,,,,,,,,,,,,,,,,,,,,,,,,,,,,,,,,,,,,,,,,,,,,,,,,,,,,,,,,,,,,,,,,,,,,,,,,,,,,,,,,,,,,,,,,,,,,,,,,,,,,,,,,,,,,,,,,,,,,,,,,,,,,,,,,,1,2,0,0,3,1,1,0,0,,,,
43,https://fbref.com/en/players/607fb965,Curtis Davies,2017-2018,2018-04-24,Tue,Championship,Matchweek 38,Home,W 3–1,Derby County,Cardiff City,Y*,CB,90,0,0,0,0,3,0,0,0,,,,,,,,,,,,,,,,,,,,,,,,,,,,,,,,,,,,,,,,,,,,,,,,,,,,,,,,,,,,,,,,,,,,,,,,,,,,,,,,,,,,,,,,,,,,,,,,,,,,,,,,,,,,,,,,,,,,,,,,,,,,,,,,,1,1,0,0,1,1,0,0,0,,,,
44,https://fbref.com/en/players/607fb965,Curtis Davies,2017-2018,2018-04-28,Sat,Championship,Matchweek 45,Away,D 1–1,Derby County,Aston Villa,Y*,CB,90,0,0,0,0,0,0,0,0,,,,,,,,,,,,,,,,,,,,,,,,,,,,,,,,,,,,,,,,,,,,,,,,,,,,,,,,,,,,,,,,,,,,,,,,,,,,,,,,,,,,,,,,,,,,,,,,,,,,,,,,,,,,,,,,,,,,,,,,,,,,,,,,,1,1,0,0,9,3,0,0,0,,,,
45,https://fbref.com/en/players/607fb965,Curtis Davies,2017-2018,2018-05-06,Sun,Championship,Matchweek 46,Home,W 4–1,Derby County,Barnsley,Y*,CB,90,0,0,0,0,0,0,0,0,,,,,,,,,,,,,,,,,,,,,,,,,,,,,,,,,,,,,,,,,,,,,,,,,,,,,,,,,,,,,,,,,,,,,,,,,,,,,,,,,,,,,,,,,,,,,,,,,,,,,,,,,,,,,,,,,,,,,,,,,,,,,,,,,1,1,0,0,2,2,0,0,0,,,,
46,https://fbref.com/en/players/607fb965,Curtis Davies,2017-2018,2018-05-11,Fri,Championship,Semi-finals,Home,W 1–0,Derby County,Fulham,Y*,CB,90,0,0,0,0,0,0,0,0,,,,,,,,,,,,,,,,,,,,,,,,,,,,,,,,,,,,,,,,,,,,,,,,,,,,,,,,,,,,,,,,,,,,,,,,,,,,,,,,,,,,,,,,,,,,,,,,,,,,,,,,,,,,,,,,,,,,,,,,,,,,,,,,,1,0,0,0,6,2,0,0,0,,,,
47,https://fbref.com/en/players/607fb965,Curtis Davies,2017-2018,2018-05-14,Mon,Championship,Semi-finals,Away,L 0–2,Derby County,Fulham,Y*,CB,90,0,0,0,0,1,0,0,0,,,,,,,,,,,,,,,,,,,,,,,,,,,,,,,,,,,,,,,,,,,,,,,,,,,,,,,,,,,,,,,,,,,,,,,,,,,,,,,,,,,,,,,,,,,,,,,,,,,,,,,,,,,,,,,,,,,,,,,,,,,,,,,,,0,0,0,0,5,0,0,0,0,,,,
0,https://fbref.com/en/players/607fb965,Curtis Davies,2018-2019,2018-08-03,Fri,Championship,Matchweek 1,Away,W 2–1,Derby County,Reading,Y*,CB,90,0,0,0,0,0,0,0,0,,,,,,,,,,,,,,,,,,,,,,,,,,,,,,,,,,,,,,,,,,,,,,,,,,,,,,,,,,,,,,,,,,,,,,,,,,,,,,,,,,,,,,,,,,,,,,,,,,,,,,,,,,,,,,,,,,,,,,,,,,,,,,,,,1,0,0,0,2,1,0,0,0,,,,
1,https://fbref.com/en/players/607fb965,Curtis Davies,2018-2019,2018-10-01,Mon,PL2 — Div. 1,Matchweek 7,Home,W 1–0,Derby County,Brighton,Y,CB,70,0,0,0,0,,,0,0,,,,,,,,,,,,,,,,,,,,,,,,,,,,,,,,,,,,,,,,,,,,,,,,,,,,,,,,,,,,,,,,,,,,,,,,,,,,,,,,,,,,,,,,,,,,,,,,,,,,,,,,,,,,,,,,,,,,,,,,,,,,,,,,,,,,,,,,,0,,,,
2,https://fbref.com/en/players/607fb965,Curtis Davies,2018-2019,2018-10-20,Sat,Championship,Matchweek 13,Home,W 2–1,Derby County,Sheffield Utd,N,,5,0,0,0,0,0,0,0,0,,,,,,,,,,,,,,,,,,,,,,,,,,,,,,,,,,,,,,,,,,,,,,,,,,,,,,,,,,,,,,,,,,,,,,,,,,,,,,,,,,,,,,,,,,,,,,,,,,,,,,,,,,,,,,,,,,,,,,,,,,,,,,,,,0,0,0,0,0,0,0,0,0,,,,
3,https://fbref.com/en/players/607fb965,Curtis Davies,2018-2019,2018-11-03,Sat,Championship,Matchweek 16,Home,W 3–1,Derby County,Birmingham City,Y*,CB,90,0,0,0,0,0,0,0,0,,,,,,,,,,,,,,,,,,,,,,,,,,,,,,,,,,,,,,,,,,,,,,,,,,,,,,,,,,,,,,,,,,,,,,,,,,,,,,,,,,,,,,,,,,,,,,,,,,,,,,,,,,,,,,,,,,,,,,,,,,,,,,,,,1,0,0,0,2,2,0,0,0,,,,
4,https://fbref.com/en/players/607fb965,Curtis Davies,2018-2019,2018-11-24,Sat,Championship,Matchweek 18,Away,W 2–1,Derby County,Sheffield Weds,N,,45,0,0,0,0,0,0,0,0,,,,,,,,,,,,,,,,,,,,,,,,,,,,,,,,,,,,,,,,,,,,,,,,,,,,,,,,,,,,,,,,,,,,,,,,,,,,,,,,,,,,,,,,,,,,,,,,,,,,,,,,,,,,,,,,,,,,,,,,,,,,,,,,,0,0,0,0,1,0,0,0,0,,,,
5,https://fbref.com/en/players/607fb965,Curtis Davies,2018-2019,2018-11-28,Wed,Championship,Matchweek 19,Away,L 1–2,Derby County,Stoke City,Y*,CB,44,0,0,0,0,0,0,0,0,,,,,,,,,,,,,,,,,,,,,,,,,,,,,,,,,,,,,,,,,,,,,,,,,,,,,,,,,,,,,,,,,,,,,,,,,,,,,,,,,,,,,,,,,,,,,,,,,,,,,,,,,,,,,,,,,,,,,,,,,,,,,,,,,0,0,0,0,0,0,0,0,0,,,,
0,https://fbref.com/en/players/607fb965,Curtis Davies,2019-2020,2019-08-13,Tue,EFL Cup,First round,Away,W 1–0,Derby County,Scunthorpe Utd,Y*,CB,90,0,0,0,0,0,0,0,0,,,,,,,,,,,,,,,,,,,,,,,,,,,,,,,,,,,,,,,,,,,,,,,,,,,,,,,,,,,,,,,,,,,,,,,,,,,,,,,,,,,,,,,,,,,,,,,,,,,,,,,,,,,,,,,,,,,,,,,,,,,,,,,,,1,0,0,0,0,1,,,0,,,,
1,https://fbref.com/en/players/607fb965,Curtis Davies,2019-2020,2019-08-27,Tue,EFL Cup,Second round,Away,L 0–3,Derby County,Nott'ham Forest,Y*,CB,90,0,0,0,0,1,0,0,0,,,,,,,,,,,,,,,,,,,,,,,,,,,,,,,,,,,,,,,,,,,,,,,,,,,,,,,,,,,,,,,,,,,,,,,,,,,,,,,,,,,,,,,,,,,,,,,,,,,,,,,,,,,,,,,,,,,,,,,,,,,,,,,,,0,0,0,0,1,3,,,0,,,,
2,https://fbref.com/en/players/607fb965,Curtis Davies,2019-2020,2019-09-28,Sat,Championship,Matchweek 9,Home,W 3–2,Derby County,Birmingham City,Y*,CB,90,0,0,0,0,0,0,0,0,,,,,,,,,,,,,,,,,,,,,,,,,,,,,,,,,,,,,,,,,,,,,,,,,,,,,,,,,,,,,,,,,,,,,,,,,,,,,,,,,,,,,,,,,,,,,,,,,,,,,,,,,,,,,,,,,,,,,,,,,,,,,,,,,0,2,0,0,2,0,,,0,,,,
3,https://fbref.com/en/players/607fb965,Curtis Davies,2019-2020,2019-10-02,Wed,Championship,Matchweek 10,Away,D 2–2,Derby County,Barnsley,Y*,CB,90,0,0,0,0,1,0,0,0,,,,,,,,,,,,,,,,,,,,,,,,,,,,,,,,,,,,,,,,,,,,,,,,,,,,,,,,,,,,,,,,,,,,,,,,,,,,,,,,,,,,,,,,,,,,,,,,,,,,,,,,,,,,,,,,,,,,,,,,,,,,,,,,,0,0,0,0,3,1,,,0,,,,
4,https://fbref.com/en/players/607fb965,Curtis Davies,2019-2020,2019-10-05,Sat,Championship,Matchweek 11,Home,W 2–0,Derby County,Luton Town,Y*,CB,90,0,0,0,0,0,0,0,0,,,,,,,,,,,,,,,,,,,,,,,,,,,,,,,,,,,,,,,,,,,,,,,,,,,,,,,,,,,,,,,,,,,,,,,,,,,,,,,,,,,,,,,,,,,,,,,,,,,,,,,,,,,,,,,,,,,,,,,,,,,,,,,,,1,0,0,0,0,1,,,0,,,,
5,https://fbref.com/en/players/607fb965,Curtis Davies,2019-2020,2019-10-19,Sat,Championship,Matchweek 12,Away,L 0–3,Derby County,Charlton Ath,Y*,CB,90,0,0,0,0,0,0,0,0,,,,,,,,,,,,,,,,,,,,,,,,,,,,,,,,,,,,,,,,,,,,,,,,,,,,,,,,,,,,,,,,,,,,,,,,,,,,,,,,,,,,,,,,,,,,,,,,,,,,,,,,,,,,,,,,,,,,,,,,,,,,,,,,,0,0,0,0,0,0,,,0,,,,
6,https://fbref.com/en/players/607fb965,Curtis Davies,2019-2020,2019-10-23,Wed,Championship,Matchweek 13,Home,W 1–0,Derby County,Wigan Athletic,Y*,CB,90,0,0,0,0,1,0,0,0,,,,,,,,,,,,,,,,,,,,,,,,,,,,,,,,,,,,,,,,,,,,,,,,,,,,,,,,,,,,,,,,,,,,,,,,,,,,,,,,,,,,,,,,,,,,,,,,,,,,,,,,,,,,,,,,,,,,,,,,,,,,,,,,,1,2,0,0,1,4,,,0,,,,
7,https://fbref.com/en/players/607fb965,Curtis Davies,2019-2020,2019-10-26,Sat,Championship,Matchweek 14,Away,L 0–2,Derby County,Hull City,Y*,CB,90,0,0,0,0,0,0,0,0,,,,,,,,,,,,,,,,,,,,,,,,,,,,,,,,,,,,,,,,,,,,,,,,,,,,,,,,,,,,,,,,,,,,,,,,,,,,,,,,,,,,,,,,,,,,,,,,,,,,,,,,,,,,,,,,,,,,,,,,,,,,,,,,,0,1,0,0,4,5,,,0,,,,
8,https://fbref.com/en/players/607fb965,Curtis Davies,2019-2020,2019-11-02,Sat,Championship,Matchweek 15,Home,W 2–0,Derby County,Middlesbrough,Y*,CB,90,0,0,0,0,1,1,0,0,,,,,,,,,,,,,,,,,,,,,,,,,,,,,,,,,,,,,,,,,,,,,,,,,,,,,,,,,,,,,,,,,,,,,,,,,,,,,,,,,,,,,,,,,,,,,,,,,,,,,,,,,,,,,,,,,,,,,,,,,,,,,,,,,1,0,0,0,2,1,,,0,,,,
9,https://fbref.com/en/players/607fb965,Curtis Davies,2019-2020,2019-11-09,Sat,Championship,Matchweek 16,Away,L 0–1,Derby County,Nott'ham Forest,Y*,CB,90,0,0,0,0,0,0,0,0,,,,,,,,,,,,,,,,,,,,,,,,,,,,,,,,,,,,,,,,,,,,,,,,,,,,,,,,,,,,,,,,,,,,,,,,,,,,,,,,,,,,,,,,,,,,,,,,,,,,,,,,,,,,,,,,,,,,,,,,,,,,,,,,,2,0,0,1,1,2,,,0,,,,
10,https://fbref.com/en/players/607fb965,Curtis Davies,2019-2020,2019-11-23,Sat,Championship,Matchweek 17,Home,W 1–0,Derby County,Preston,Y*,CB,90,0,1,0,0,1,0,0,0,,,,,,,,,,,,,,,,,,,,,,,,,,,,,,,,,,,,,,,,,,,,,,,,,,,,,,,,,,,,,,,,,,,,,,,,,,,,,,,,,,,,,,,,,,,,,,,,,,,,,,,,,,,,,,,,,,,,,,,,,,,,,,,,,0,0,0,0,1,0,,,0,,,,
11,https://fbref.com/en/players/607fb965,Curtis Davies,2019-2020,2019-11-26,Tue,Championship,Matchweek 18,Away,L 0–3,Derby County,Fulham,Y*,CB,90,0,0,0,0,0,0,0,0,,,,,,,,,,,,,,,,,,,,,,,,,,,,,,,,,,,,,,,,,,,,,,,,,,,,,,,,,,,,,,,,,,,,,,,,,,,,,,,,,,,,,,,,,,,,,,,,,,,,,,,,,,,,,,,,,,,,,,,,,,,,,,,,,0,1,0,0,1,2,,,0,,,,
12,https://fbref.com/en/players/607fb965,Curtis Davies,2019-2020,2019-11-30,Sat,Championship,Matchweek 19,Home,D 1–1,Derby County,QPR,Y*,CB,90,0,0,0,0,0,0,0,0,,,,,,,,,,,,,,,,,,,,,,,,,,,,,,,,,,,,,,,,,,,,,,,,,,,,,,,,,,,,,,,,,,,,,,,,,,,,,,,,,,,,,,,,,,,,,,,,,,,,,,,,,,,,,,,,,,,,,,,,,,,,,,,,,1,1,0,0,1,3,,,0,,,,
13,https://fbref.com/en/players/607fb965,Curtis Davies,2019-2020,2019-12-07,Sat,Championship,Matchweek 20,Away,L 0–1,Derby County,Blackburn,Y*,CB,90,0,0,0,0,0,0,0,0,,,,,,,,,,,,,,,,,,,,,,,,,,,,,,,,,,,,,,,,,,,,,,,,,,,,,,,,,,,,,,,,,,,,,,,,,,,,,,,,,,,,,,,,,,,,,,,,,,,,,,,,,,,,,,,,,,,,,,,,,,,,,,,,,4,1,0,0,2,1,,,0,,,,
14,https://fbref.com/en/players/607fb965,Curtis Davies,2019-2020,2019-12-11,Wed,Championship,Matchweek 21,Home,D 1–1,Derby County,Sheffield Weds,Y*,CB,90,0,0,0,0,0,0,0,0,,,,,,,,,,,,,,,,,,,,,,,,,,,,,,,,,,,,,,,,,,,,,,,,,,,,,,,,,,,,,,,,,,,,,,,,,,,,,,,,,,,,,,,,,,,,,,,,,,,,,,,,,,,,,,,,,,,,,,,,,,,,,,,,,2,0,0,0,3,2,,,0,,,,
15,https://fbref.com/en/players/607fb965,Curtis Davies,2019-2020,2019-12-14,Sat,Championship,Matchweek 22,Home,L 0–1,Derby County,Millwall,Y*,CB,90,0,0,0,0,0,0,0,0,,,,,,,,,,,,,,,,,,,,,,,,,,,,,,,,,,,,,,,,,,,,,,,,,,,,,,,,,,,,,,,,,,,,,,,,,,,,,,,,,,,,,,,,,,,,,,,,,,,,,,,,,,,,,,,,,,,,,,,,,,,,,,,,,2,0,0,1,1,0,,,0,,,,
16,https://fbref.com/en/players/607fb965,Curtis Davies,2019-2020,2019-12-21,Sat,Championship,Matchweek 23,Away,L 0–3,Derby County,Reading,Y*,CB,90,0,0,0,0,1,0,0,0,,,,,,,,,,,,,,,,,,,,,,,,,,,,,,,,,,,,,,,,,,,,,,,,,,,,,,,,,,,,,,,,,,,,,,,,,,,,,,,,,,,,,,,,,,,,,,,,,,,,,,,,,,,,,,,,,,,,,,,,,,,,,,,,,1,0,0,0,2,0,,,0,,,,
17,https://fbref.com/en/players/607fb965,Curtis Davies,2019-2020,2019-12-26,Thu,Championship,Matchweek 24,Away,D 1–1,Derby County,Wigan Athletic,Y*,CB,90,0,0,0,0,1,1,0,0,,,,,,,,,,,,,,,,,,,,,,,,,,,,,,,,,,,,,,,,,,,,,,,,,,,,,,,,,,,,,,,,,,,,,,,,,,,,,,,,,,,,,,,,,,,,,,,,,,,,,,,,,,,,,,,,,,,,,,,,,,,,,,,,,1,1,0,0,1,0,,,0,,,,
18,https://fbref.com/en/players/607fb965,Curtis Davies,2019-2020,2019-12-30,Mon,Championship,Matchweek 25,Home,W 2–1,Derby County,Charlton Ath,Y*,CB,90,0,0,0,0,1,0,0,0,,,,,,,,,,,,,,,,,,,,,,,,,,,,,,,,,,,,,,,,,,,,,,,,,,,,,,,,,,,,,,,,,,,,,,,,,,,,,,,,,,,,,,,,,,,,,,,,,,,,,,,,,,,,,,,,,,,,,,,,,,,,,,,,,1,1,0,0,4,0,,,0,,,,
19,https://fbref.com/en/players/607fb965,Curtis Davies,2019-2020,2020-01-02,Thu,Championship,Matchweek 26,Home,W 2–1,Derby County,Barnsley,Y,CB,90,0,0,0,0,2,0,0,0,,,,,,,,,,,,,,,,,,,,,,,,,,,,,,,,,,,,,,,,,,,,,,,,,,,,,,,,,,,,,,,,,,,,,,,,,,,,,,,,,,,,,,,,,,,,,,,,,,,,,,,,,,,,,,,,,,,,,,,,,,,,,,,,,1,0,0,0,3,3,,,0,,,,
20,https://fbref.com/en/players/607fb965,Curtis Davies,2019-2020,2020-01-05,Sun,FA Cup,Third round,Away,W 1–0,Derby County,Crystal Palace,Y,CB,90,0,0,0,0,0,0,0,0,,,,,,,,,,,,,,,,,,,,,,,,,,,,,,,,,,,,,,,,,,,,,,,,,,,,,,,,,,,,,,,,,,,,,,,,,,,,,,,,,,,,,,,,,,,,,,,,,,,,,,,,,,,,,,,,,,,,,,,,,,,,,,,,,0,2,0,0,0,1,,,0,,,,
21,https://fbref.com/en/players/607fb965,Curtis Davies,2019-2020,2020-01-11,Sat,Championship,Matchweek 27,Away,D 2–2,Derby County,Middlesbrough,Y,CB,90,0,0,0,0,0,0,0,0,,,,,,,,,,,,,,,,,,,,,,,,,,,,,,,,,,,,,,,,,,,,,,,,,,,,,,,,,,,,,,,,,,,,,,,,,,,,,,,,,,,,,,,,,,,,,,,,,,,,,,,,,,,,,,,,,,,,,,,,,,,,,,,,,0,1,0,0,2,2,,,0,,,,
22,https://fbref.com/en/players/607fb965,Curtis Davies,2019-2020,2020-01-24,Fri,FA Cup,Fourth round,Away,D 0–0,Derby County,Northampton,Y,CB,90,0,0,0,0,2,0,0,0,,,,,,,,,,,,,,,,,,,,,,,,,,,,,,,,,,,,,,,,,,,,,,,,,,,,,,,,,,,,,,,,,,,,,,,,,,,,,,,,,,,,,,,,,,,,,,,,,,,,,,,,,,,,,,,,,,,,,,,,,,,,,,,,,2,1,0,0,1,1,,,0,,,,
23,https://fbref.com/en/players/607fb965,Curtis Davies,2019-2020,2020-01-31,Fri,Championship,Matchweek 30,Home,W 4–0,Derby County,Stoke City,N,,18,0,0,0,0,0,0,0,0,,,,,,,,,,,,,,,,,,,,,,,,,,,,,,,,,,,,,,,,,,,,,,,,,,,,,,,,,,,,,,,,,,,,,,,,,,,,,,,,,,,,,,,,,,,,,,,,,,,,,,,,,,,,,,,,,,,,,,,,,,,,,,,,,0,0,0,0,1,0,,,0,,,,
24,https://fbref.com/en/players/607fb965,Curtis Davies,2019-2020,2020-02-04,Tue,FA Cup,Fourth round,Home,W 4–2,Derby County,Northampton,Y,CB,90,0,0,0,0,1,1,0,0,,,,,,,,,,,,,,,,,,,,,,,,,,,,,,,,,,,,,,,,,,,,,,,,,,,,,,,,,,,,,,,,,,,,,,,,,,,,,,,,,,,,,,,,,,,,,,,,,,,,,,,,,,,,,,,,,,,,,,,,,,,,,,,,,1,1,0,0,0,0,,,0,,,,
25,https://fbref.com/en/players/607fb965,Curtis Davies,2019-2020,2020-02-08,Sat,Championship,Matchweek 31,Away,W 3–2,Derby County,Swansea City,N,,29,0,0,0,0,0,0,0,0,,,,,,,,,,,,,,,,,,,,,,,,,,,,,,,,,,,,,,,,,,,,,,,,,,,,,,,,,,,,,,,,,,,,,,,,,,,,,,,,,,,,,,,,,,,,,,,,,,,,,,,,,,,,,,,,,,,,,,,,,,,,,,,,,0,1,0,0,1,0,,,0,,,,
26,https://fbref.com/en/players/607fb965,Curtis Davies,2019-2020,2020-02-15,Sat,Championship,Matchweek 33,Home,D 1–1,Derby County,Huddersfield,Y,CB,90,0,0,0,0,0,0,1,0,,,,,,,,,,,,,,,,,,,,,,,,,,,,,,,,,,,,,,,,,,,,,,,,,,,,,,,,,,,,,,,,,,,,,,,,,,,,,,,,,,,,,,,,,,,,,,,,,,,,,,,,,,,,,,,,,,,,,,,,,,,,,,,,,1,2,0,0,2,1,,,0,,,,
27,https://fbref.com/en/players/607fb965,Curtis Davies,2019-2020,2020-02-21,Fri,Championship,Matchweek 34,Home,D 1–1,Derby County,Fulham,Y,CB,90,0,0,0,0,1,1,0,0,,,,,,,,,,,,,,,,,,,,,,,,,,,,,,,,,,,,,,,,,,,,,,,,,,,,,,,,,,,,,,,,,,,,,,,,,,,,,,,,,,,,,,,,,,,,,,,,,,,,,,,,,,,,,,,,,,,,,,,,,,,,,,,,,1,0,1,0,6,0,,,0,,,,
28,https://fbref.com/en/players/607fb965,Curtis Davies,2019-2020,2020-02-25,Tue,Championship,Matchweek 35,Away,L 1–2,Derby County,QPR,Y,CB,70,0,0,0,0,0,0,0,0,,,,,,,,,,,,,,,,,,,,,,,,,,,,,,,,,,,,,,,,,,,,,,,,,,,,,,,,,,,,,,,,,,,,,,,,,,,,,,,,,,,,,,,,,,,,,,,,,,,,,,,,,,,,,,,,,,,,,,,,,,,,,,,,,2,0,0,0,1,1,,,0,,,,
29,https://fbref.com/en/players/607fb965,Curtis Davies,2019-2020,2020-02-29,Sat,Championship,Matchweek 36,Away,W 3–1,Derby County,Sheffield Weds,N,,33,0,0,0,0,0,0,0,0,,,,,,,,,,,,,,,,,,,,,,,,,,,,,,,,,,,,,,,,,,,,,,,,,,,,,,,,,,,,,,,,,,,,,,,,,,,,,,,,,,,,,,,,,,,,,,,,,,,,,,,,,,,,,,,,,,,,,,,,,,,,,,,,,0,1,0,0,0,0,,,0,,,,
30,https://fbref.com/en/players/607fb965,Curtis Davies,2019-2020,2020-03-08,Sun,Championship,Matchweek 37,Home,W 3–0,Derby County,Blackburn,N,,15,0,0,0,0,0,0,0,0,,,,,,,,,,,,,,,,,,,,,,,,,,,,,,,,,,,,,,,,,,,,,,,,,,,,,,,,,,,,,,,,,,,,,,,,,,,,,,,,,,,,,,,,,,,,,,,,,,,,,,,,,,,,,,,,,,,,,,,,,,,,,,,,,0,1,0,0,1,1,,,0,,,,
31,https://fbref.com/en/players/607fb965,Curtis Davies,2019-2020,2020-06-20,Sat,Championship,Matchweek 38,Away,W 3–2,Derby County,Millwall,N,,15,0,0,0,0,0,0,0,0,,,,,,,,,,,,,,,,,,,,,,,,,,,,,,,,,,,,,,,,,,,,,,,,,,,,,,,,,,,,,,,,,,,,,,,,,,,,,,,,,,,,,,,,,,,,,,,,,,,,,,,,,,,,,,,,,,,,,,,,,,,,,,,,,0,1,0,0,0,0,,,0,,,,
32,https://fbref.com/en/players/607fb965,Curtis Davies,2019-2020,2020-06-27,Sat,Championship,Matchweek 39,Home,W 2–1,Derby County,Reading,N,,11,0,0,0,0,0,0,0,0,,,,,,,,,,,,,,,,,,,,,,,,,,,,,,,,,,,,,,,,,,,,,,,,,,,,,,,,,,,,,,,,,,,,,,,,,,,,,,,,,,,,,,,,,,,,,,,,,,,,,,,,,,,,,,,,,,,,,,,,,,,,,,,,,0,0,0,0,0,0,,,0,,,,
33,https://fbref.com/en/players/607fb965,Curtis Davies,2019-2020,2020-07-01,Wed,Championship,Matchweek 40,Away,W 1–0,Derby County,Preston,N,,8,0,0,0,0,0,0,0,0,,,,,,,,,,,,,,,,,,,,,,,,,,,,,,,,,,,,,,,,,,,,,,,,,,,,,,,,,,,,,,,,,,,,,,,,,,,,,,,,,,,,,,,,,,,,,,,,,,,,,,,,,,,,,,,,,,,,,,,,,,,,,,,,,0,0,0,0,2,0,,,0,,,,
34,https://fbref.com/en/players/607fb965,Curtis Davies,2019-2020,2020-07-14,Tue,Championship,Matchweek 44,Away,L 1–2,Derby County,Cardiff City,Y,CB,90,0,0,0,0,0,0,0,0,,,,,,,,,,,,,,,,,,,,,,,,,,,,,,,,,,,,,,,,,,,,,,,,,,,,,,,,,,,,,,,,,,,,,,,,,,,,,,,,,,,,,,,,,,,,,,,,,,,,,,,,,,,,,,,,,,,,,,,,,,,,,,,,,1,1,0,0,3,1,,,0,,,,
35,https://fbref.com/en/players/607fb965,Curtis Davies,2019-2020,2020-07-19,Sun,Championship,Matchweek 45,Home,L 1–3,Derby County,Leeds United,Y,CB,90,0,0,0,0,0,0,0,0,,,,,,,,,,,,,,,,,,,,,,,,,,,,,,,,,,,,,,,,,,,,,,,,,,,,,,,,,,,,,,,,,,,,,,,,,,,,,,,,,,,,,,,,,,,,,,,,,,,,,,,,,,,,,,,,,,,,,,,,,,,,,,,,,1,1,0,0,1,2,,,0,,,,
36,https://fbref.com/en/players/607fb965,Curtis Davies,2019-2020,2020-07-22,Wed,Championship,Matchweek 46,Away,W 3–1,Derby County,Birmingham City,Y,CB,90,0,0,0,0,0,0,0,0,,,,,,,,,,,,,,,,,,,,,,,,,,,,,,,,,,,,,,,,,,,,,,,,,,,,,,,,,,,,,,,,,,,,,,,,,,,,,,,,,,,,,,,,,,,,,,,,,,,,,,,,,,,,,,,,,,,,,,,,,,,,,,,,,1,2,0,0,4,2,,,0,,,,
0,https://fbref.com/en/players/607fb965,Curtis Davies,2020-2021,2020-09-15,Tue,EFL Cup,Second round,Home,L 1–2,Derby County,Preston,N,,34,0,0,0,0,0,0,0,0,,,,,,,,,,,,,,,,,,,,,,,,,,,,,,,,,,,,,,,,,,,,,,,,,,,,,,,,,,,,,,,,,,,,,,,,,,,,,,,,,,,,,,,,,,,,,,,,,,,,,,,,,,,,,,,,,,,,,,,,,,,,,,,,,1,0,0,0,1,0,,,0,,,,
1,https://fbref.com/en/players/607fb965,Curtis Davies,2020-2021,2020-10-03,Sat,Championship,Matchweek 4,Away,W 1–0,Derby County,Norwich City,Y,CB,90,0,0,0,0,0,0,0,0,,,,,,,,,,,,,,,,,,,,,,,,,,,,,,,,,,,,,,,,,,,,,,,,,,,,,,,,,,,,,,,,,,,,,,,,,,,,,,,,,,,,,,,,,,,,,,,,,,,,,,,,,,,,,,,,,,,,,,,,,,,,,,,,,2,0,0,1,3,2,,,0,,,,
2,https://fbref.com/en/players/607fb965,Curtis Davies,2020-2021,2020-10-16,Fri,Championship,Matchweek 5,Home,L 0–1,Derby County,Watford,Y,CB,90,0,0,0,0,1,0,0,0,,,,,,,,,,,,,,,,,,,,,,,,,,,,,,,,,,,,,,,,,,,,,,,,,,,,,,,,,,,,,,,,,,,,,,,,,,,,,,,,,,,,,,,,,,,,,,,,,,,,,,,,,,,,,,,,,,,,,,,,,,,,,,,,,0,1,0,0,2,1,,,0,,,,
3,https://fbref.com/en/players/607fb965,Curtis Davies,2020-2021,2020-10-20,Tue,Championship,Matchweek 6,Away,L 0–1,Derby County,Huddersfield,Y*,CB,90,0,0,0,0,0,0,0,0,,,,,,,,,,,,,,,,,,,,,,,,,,,,,,,,,,,,,,,,,,,,,,,,,,,,,,,,,,,,,,,,,,,,,,,,,,,,,,,,,,,,,,,,,,,,,,,,,,,,,,,,,,,,,,,,,,,,,,,,,,,,,,,,,0,2,0,1,0,0,,,0,,,,
4,https://fbref.com/en/players/607fb965,Curtis Davies,2020-2021,2020-10-23,Fri,Championship,Matchweek 7,Away,D 1–1,Derby County,Nott'ham Forest,Y*,CB,90,0,0,0,0,4,1,0,0,,,,,,,,,,,,,,,,,,,,,,,,,,,,,,,,,,,,,,,,,,,,,,,,,,,,,,,,,,,,,,,,,,,,,,,,,,,,,,,,,,,,,,,,,,,,,,,,,,,,,,,,,,,,,,,,,,,,,,,,,,,,,,,,,0,1,0,0,3,0,,,0,,,,
5,https://fbref.com/en/players/607fb965,Curtis Davies,2020-2021,2020-10-28,Wed,Championship,Matchweek 8,Home,D 1–1,Derby County,Cardiff City,Y*,CB,90,0,0,0,0,3,0,0,0,,,,,,,,,,,,,,,,,,,,,,,,,,,,,,,,,,,,,,,,,,,,,,,,,,,,,,,,,,,,,,,,,,,,,,,,,,,,,,,,,,,,,,,,,,,,,,,,,,,,,,,,,,,,,,,,,,,,,,,,,,,,,,,,,2,0,1,0,1,2,,,0,,,,
6,https://fbref.com/en/players/607fb965,Curtis Davies,2020-2021,2020-10-31,Sat,Championship,Matchweek 9,Away,D 1–1,Derby County,Bournemouth,Y,CB,90,0,0,0,0,0,0,0,0,,,,,,,,,,,,,,,,,,,,,,,,,,,,,,,,,,,,,,,,,,,,,,,,,,,,,,,,,,,,,,,,,,,,,,,,,,,,,,,,,,,,,,,,,,,,,,,,,,,,,,,,,,,,,,,,,,,,,,,,,,,,,,,,,1,0,0,0,3,0,,,0,,,,
7,https://fbref.com/en/players/607fb965,Curtis Davies,2020-2021,2020-11-04,Wed,Championship,Matchweek 10,Home,L 0–1,Derby County,QPR,Y,CB,90,0,0,0,0,0,0,0,0,,,,,,,,,,,,,,,,,,,,,,,,,,,,,,,,,,,,,,,,,,,,,,,,,,,,,,,,,,,,,,,,,,,,,,,,,,,,,,,,,,,,,,,,,,,,,,,,,,,,,,,,,,,,,,,,,,,,,,,,,,,,,,,,,0,1,0,0,1,1,,,0,,,,
8,https://fbref.com/en/players/607fb965,Curtis Davies,2020-2021,2020-11-07,Sat,Championship,Matchweek 11,Home,L 0–2,Derby County,Barnsley,Y,CB,90,0,0,0,0,0,0,0,0,,,,,,,,,,,,,,,,,,,,,,,,,,,,,,,,,,,,,,,,,,,,,,,,,,,,,,,,,,,,,,,,,,,,,,,,,,,,,,,,,,,,,,,,,,,,,,,,,,,,,,,,,,,,,,,,,,,,,,,,,,,,,,,,,0,0,0,1,2,1,,,0,,,,
9,https://fbref.com/en/players/607fb965,Curtis Davies,2020-2021,2020-11-28,Sat,Championship,Matchweek 14,Home,D 1–1,Derby County,Wycombe,Y*,CB,90,0,0,0,0,0,0,0,0,,,,,,,,,,,,,,,,,,,,,,,,,,,,,,,,,,,,,,,,,,,,,,,,,,,,,,,,,,,,,,,,,,,,,,,,,,,,,,,,,,,,,,,,,,,,,,,,,,,,,,,,,,,,,,,,,,,,,,,,,,,,,,,,,0,2,0,1,2,2,,,0,,,,
10,https://fbref.com/en/players/607fb965,Curtis Davies,2020-2021,2020-12-01,Tue,Championship,Matchweek 15,Home,D 1–1,Derby County,Coventry City,N,,1,0,0,0,0,0,0,0,0,,,,,,,,,,,,,,,,,,,,,,,,,,,,,,,,,,,,,,,,,,,,,,,,,,,,,,,,,,,,,,,,,,,,,,,,,,,,,,,,,,,,,,,,,,,,,,,,,,,,,,,,,,,,,,,,,,,,,,,,,,,,,,,,,0,0,0,0,1,0,,,0,,,,
11,https://fbref.com/en/players/607fb965,Curtis Davies,2020-2021,2020-12-05,Sat,Championship,Matchweek 16,Away,W 1–0,Derby County,Millwall,Y*,CB,90,0,0,0,0,0,0,0,0,,,,,,,,,,,,,,,,,,,,,,,,,,,,,,,,,,,,,,,,,,,,,,,,,,,,,,,,,,,,,,,,,,,,,,,,,,,,,,,,,,,,,,,,,,,,,,,,,,,,,,,,,,,,,,,,,,,,,,,,,,,,,,,,,1,0,0,0,1,0,,,0,,,,
12,https://fbref.com/en/players/607fb965,Curtis Davies,2020-2021,2020-12-09,Wed,Championship,Matchweek 17,Away,D 0–0,Derby County,Brentford,Y*,CB,64,0,0,0,0,0,0,0,0,,,,,,,,,,,,,,,,,,,,,,,,,,,,,,,,,,,,,,,,,,,,,,,,,,,,,,,,,,,,,,,,,,,,,,,,,,,,,,,,,,,,,,,,,,,,,,,,,,,,,,,,,,,,,,,,,,,,,,,,,,,,,,,,,1,0,0,0,2,0,,,0,,,,
13,https://fbref.com/en/players/607fb965,Curtis Davies,2020-2021,2021-05-08,Sat,Championship,Matchweek 46,Home,D 3–3,Derby County,Sheffield Weds,N,,9,0,0,0,0,0,0,0,0,,,,,,,,,,,,,,,,,,,,,,,,,,,,,,,,,,,,,,,,,,,,,,,,,,,,,,,,,,,,,,,,,,,,,,,,,,,,,,,,,,,,,,,,,,,,,,,,,,,,,,,,,,,,,,,,,,,,,,,,,,,,,,,,,0,0,0,0,0,0,,,0,,,,
0,https://fbref.com/en/players/a67a09fb,Christian Fuchs,2015-2016,2015-08-08,Sat,Premier League,Matchweek 1,Home,W 4–2,Leicester City,Sunderland,N,,14,0,0,0,0,0,0,0,0,,,,,,,,,,,,,,,,,,,,,,,,,,,,,,,,,,,,,,,,,,,,,,,,,,,,,,,,,,,,,,,,,,,,,,,,,,,,,,,,,,,,,,,,,,,,,,,,,,,,,,,,,,,,,,,,,,,,,,,,,,,,,,,,,1,0,0,1,0,1,,,0,,,,
1,https://fbref.com/en/players/a67a09fb,Christian Fuchs,2015-2016,2015-08-15,Sat,Premier League,Matchweek 2,Away,W 2–1,Leicester City,West Ham,N,,9,0,0,0,0,0,0,0,0,,,,,,,,,,,,,,,,,,,,,,,,,,,,,,,,,,,,,,,,,,,,,,,,,,,,,,,,,,,,,,,,,,,,,,,,,,,,,,,,,,,,,,,,,,,,,,,,,,,,,,,,,,,,,,,,,,,,,,,,,,,,,,,,,0,0,0,0,0,0,,,0,,,,
2,https://fbref.com/en/players/a67a09fb,Christian Fuchs,2015-2016,2015-08-25,Tue,League Cup,Second round,Away,W 4–1,Leicester City,Bury,Y,,90,0,0,0,0,,,0,0,,,,,,,,,,,,,,,,,,,,,,,,,,,,,,,,,,,,,,,,,,,,,,,,,,,,,,,,,,,,,,,,,,,,,,,,,,,,,,,,,,,,,,,,,,,,,,,,,,,,,,,,,,,,,,,,,,,,,,,,,,,,,,,,,,,,,,,,,0,,,,
3,https://fbref.com/en/players/a67a09fb,Christian Fuchs,2015-2016,2015-09-05,Sat,Euro Qualifying,Group stage,Home,W 1–0,at Austria,md Moldova,Y*,LB,90,0,0,0,0,0,0,0,0,,,,,,,,,,,,,,,,,,,,,,,,,,,,,,,,,,,,,,,,,,,,,,,,,,,,,,,,,,,,,,,,,,,,,,,,,,,,,,,,,,,,,,,,,,,,,,,,,,,,,,,,,,,,,,,,,,,,,,,,,,,,,,,,,3,1,0,6,3,2,0,0,0,,,,
4,https://fbref.com/en/players/a67a09fb,Christian Fuchs,2015-2016,2015-09-08,Tue,Euro Qualifying,Group stage,Away,W 4–1,at Austria,se Sweden,Y*,LB,90,0,0,0,0,0,0,0,0,,,,,,,,,,,,,,,,,,,,,,,,,,,,,,,,,,,,,,,,,,,,,,,,,,,,,,,,,,,,,,,,,,,,,,,,,,,,,,,,,,,,,,,,,,,,,,,,,,,,,,,,,,,,,,,,,,,,,,,,,,,,,,,,,1,0,0,2,3,0,0,0,0,,,,
5,https://fbref.com/en/players/a67a09fb,Christian Fuchs,2015-2016,2015-09-22,Tue,League Cup,Third round,Home,W 2–1,Leicester City,West Ham,Y,,120,0,1,0,0,,,1,0,,,,,,,,,,,,,,,,,,,,,,,,,,,,,,,,,,,,,,,,,,,,,,,,,,,,,,,,,,,,,,,,,,,,,,,,,,,,,,,,,,,,,,,,,,,,,,,,,,,,,,,,,,,,,,,,,,,,,,,,,,,,,,,,,,,,,,,,,0,,,,
6,https://fbref.com/en/players/a67a09fb,Christian Fuchs,2015-2016,2015-10-03,Sat,Premier League,Matchweek 8,Away,W 2–1,Leicester City,Norwich City,Y,LB,90,0,0,0,0,0,0,0,0,,,,,,,,,,,,,,,,,,,,,,,,,,,,,,,,,,,,,,,,,,,,,,,,,,,,,,,,,,,,,,,,,,,,,,,,,,,,,,,,,,,,,,,,,,,,,,,,,,,,,,,,,,,,,,,,,,,,,,,,,,,,,,,,,0,0,0,4,4,4,,,0,,,,
7,https://fbref.com/en/players/a67a09fb,Christian Fuchs,2015-2016,2015-10-09,Fri,Euro Qualifying,Group stage,Away,W 3–2,at Austria,me Montenegro,Y*,LB,90,0,1,0,0,0,0,0,0,,,,,,,,,,,,,,,,,,,,,,,,,,,,,,,,,,,,,,,,,,,,,,,,,,,,,,,,,,,,,,,,,,,,,,,,,,,,,,,,,,,,,,,,,,,,,,,,,,,,,,,,,,,,,,,,,,,,,,,,,,,,,,,,,1,0,0,2,5,1,0,0,0,,,,
8,https://fbref.com/en/players/a67a09fb,Christian Fuchs,2015-2016,2015-10-12,Mon,Euro Qualifying,Group stage,Home,W 3–0,at Austria,li Liechtenstein,Y*,LB,90,0,0,0,0,1,0,0,0,,,,,,,,,,,,,,,,,,,,,,,,,,,,,,,,,,,,,,,,,,,,,,,,,,,,,,,,,,,,,,,,,,,,,,,,,,,,,,,,,,,,,,,,,,,,,,,,,,,,,,,,,,,,,,,,,,,,,,,,,,,,,,,,,0,1,0,7,3,4,0,0,0,,,,
9,https://fbref.com/en/players/a67a09fb,Christian Fuchs,2015-2016,2015-10-17,Sat,Premier League,Matchweek 9,Away,D 2–2,Leicester City,Southampton,Y,LM,90,0,0,0,0,0,0,0,0,,,,,,,,,,,,,,,,,,,,,,,,,,,,,,,,,,,,,,,,,,,,,,,,,,,,,,,,,,,,,,,,,,,,,,,,,,,,,,,,,,,,,,,,,,,,,,,,,,,,,,,,,,,,,,,,,,,,,,,,,,,,,,,,,3,2,0,10,4,2,,,0,,,,
10,https://fbref.com/en/players/a67a09fb,Christian Fuchs,2015-2016,2015-10-24,Sat,Premier League,Matchweek 10,Home,W 1–0,Leicester City,Crystal Palace,Y,LB,90,0,0,0,0,0,0,0,0,,,,,,,,,,,,,,,,,,,,,,,,,,,,,,,,,,,,,,,,,,,,,,,,,,,,,,,,,,,,,,,,,,,,,,,,,,,,,,,,,,,,,,,,,,,,,,,,,,,,,,,,,,,,,,,,,,,,,,,,,,,,,,,,,1,1,0,5,2,4,,,0,,,,
11,https://fbref.com/en/players/a67a09fb,Christian Fuchs,2015-2016,2015-11-07,Sat,Premier League,Matchweek 12,Home,W 2–1,Leicester City,Watford,Y,LB,90,0,0,0,0,0,0,0,0,,,,,,,,,,,,,,,,,,,,,,,,,,,,,,,,,,,,,,,,,,,,,,,,,,,,,,,,,,,,,,,,,,,,,,,,,,,,,,,,,,,,,,,,,,,,,,,,,,,,,,,,,,,,,,,,,,,,,,,,,,,,,,,,,1,0,0,6,3,2,,,0,,,,
12,https://fbref.com/en/players/a67a09fb,Christian Fuchs,2015-2016,2015-11-17,Tue,Friendlies (M),Friendlies (M),Home,L 1–2,at Austria,ch Switzerland,Y,,90,0,0,0,0,,,0,0,,,,,,,,,,,,,,,,,,,,,,,,,,,,,,,,,,,,,,,,,,,,,,,,,,,,,,,,,,,,,,,,,,,,,,,,,,,,,,,,,,,,,,,,,,,,,,,,,,,,,,,,,,,,,,,,,,,,,,,,,,,,,,,,,,,,,,,,,0,,,,
13,https://fbref.com/en/players/a67a09fb,Christian Fuchs,2015-2016,2015-11-21,Sat,Premier League,Matchweek 13,Away,W 3–0,Leicester City,Newcastle Utd,Y,LB,90,0,0,0,0,0,0,0,0,,,,,,,,,,,,,,,,,,,,,,,,,,,,,,,,,,,,,,,,,,,,,,,,,,,,,,,,,,,,,,,,,,,,,,,,,,,,,,,,,,,,,,,,,,,,,,,,,,,,,,,,,,,,,,,,,,,,,,,,,,,,,,,,,1,0,0,8,8,2,,,0,,,,
14,https://fbref.com/en/players/a67a09fb,Christian Fuchs,2015-2016,2015-11-28,Sat,Premier League,Matchweek 14,Home,D 1–1,Leicester City,Manchester Utd,Y,LB,90,0,1,0,0,0,0,0,0,,,,,,,,,,,,,,,,,,,,,,,,,,,,,,,,,,,,,,,,,,,,,,,,,,,,,,,,,,,,,,,,,,,,,,,,,,,,,,,,,,,,,,,,,,,,,,,,,,,,,,,,,,,,,,,,,,,,,,,,,,,,,,,,,1,1,0,1,4,4,,,0,,,,
15,https://fbref.com/en/players/a67a09fb,Christian Fuchs,2015-2016,2015-12-05,Sat,Premier League,Matchweek 15,Away,W 3–0,Leicester City,Swansea City,Y,LB,90,0,0,0,0,1,0,0,0,,,,,,,,,,,,,,,,,,,,,,,,,,,,,,,,,,,,,,,,,,,,,,,,,,,,,,,,,,,,,,,,,,,,,,,,,,,,,,,,,,,,,,,,,,,,,,,,,,,,,,,,,,,,,,,,,,,,,,,,,,,,,,,,,4,0,0,0,7,2,,,0,,,,
16,https://fbref.com/en/players/a67a09fb,Christian Fuchs,2015-2016,2015-12-14,Mon,Premier League,Matchweek 16,Home,W 2–1,Leicester City,Chelsea,Y,LB,90,0,0,0,0,0,0,0,0,,,,,,,,,,,,,,,,,,,,,,,,,,,,,,,,,,,,,,,,,,,,,,,,,,,,,,,,,,,,,,,,,,,,,,,,,,,,,,,,,,,,,,,,,,,,,,,,,,,,,,,,,,,,,,,,,,,,,,,,,,,,,,,,,0,0,0,1,4,2,,,0,,,,
17,https://fbref.com/en/players/a67a09fb,Christian Fuchs,2015-2016,2015-12-19,Sat,Premier League,Matchweek 17,Away,W 3–2,Leicester City,Everton,Y,LB,90,0,0,0,0,1,1,0,0,,,,,,,,,,,,,,,,,,,,,,,,,,,,,,,,,,,,,,,,,,,,,,,,,,,,,,,,,,,,,,,,,,,,,,,,,,,,,,,,,,,,,,,,,,,,,,,,,,,,,,,,,,,,,,,,,,,,,,,,,,,,,,,,,1,0,0,3,3,1,,,0,,,,
18,https://fbref.com/en/players/a67a09fb,Christian Fuchs,2015-2016,2015-12-26,Sat,Premier League,Matchweek 18,Away,L 0–1,Leicester City,Liverpool,Y,LB,90,0,0,0,0,0,0,0,0,,,,,,,,,,,,,,,,,,,,,,,,,,,,,,,,,,,,,,,,,,,,,,,,,,,,,,,,,,,,,,,,,,,,,,,,,,,,,,,,,,,,,,,,,,,,,,,,,,,,,,,,,,,,,,,,,,,,,,,,,,,,,,,,,1,0,0,6,2,3,,,0,,,,
19,https://fbref.com/en/players/a67a09fb,Christian Fuchs,2015-2016,2015-12-29,Tue,Premier League,Matchweek 19,Home,D 0–0,Leicester City,Manchester City,Y,LB,90,0,0,0,0,2,2,0,0,,,,,,,,,,,,,,,,,,,,,,,,,,,,,,,,,,,,,,,,,,,,,,,,,,,,,,,,,,,,,,,,,,,,,,,,,,,,,,,,,,,,,,,,,,,,,,,,,,,,,,,,,,,,,,,,,,,,,,,,,,,,,,,,,0,0,0,4,4,0,,,0,,,,
20,https://fbref.com/en/players/a67a09fb,Christian Fuchs,2015-2016,2016-01-02,Sat,Premier League,Matchweek 20,Home,D 0–0,Leicester City,Bournemouth,Y,LB,90,0,0,0,0,0,0,0,0,,,,,,,,,,,,,,,,,,,,,,,,,,,,,,,,,,,,,,,,,,,,,,,,,,,,,,,,,,,,,,,,,,,,,,,,,,,,,,,,,,,,,,,,,,,,,,,,,,,,,,,,,,,,,,,,,,,,,,,,,,,,,,,,,0,0,0,10,2,1,,,0,,,,
21,https://fbref.com/en/players/a67a09fb,Christian Fuchs,2015-2016,2016-01-13,Wed,Premier League,Matchweek 21,Away,W 1–0,Leicester City,Tottenham,Y,LB,90,0,1,0,0,0,0,0,0,,,,,,,,,,,,,,,,,,,,,,,,,,,,,,,,,,,,,,,,,,,,,,,,,,,,,,,,,,,,,,,,,,,,,,,,,,,,,,,,,,,,,,,,,,,,,,,,,,,,,,,,,,,,,,,,,,,,,,,,,,,,,,,,,1,1,0,3,1,3,,,0,,,,
22,https://fbref.com/en/players/a67a09fb,Christian Fuchs,2015-2016,2016-01-16,Sat,Premier League,Matchweek 22,Away,D 1–1,Leicester City,Aston Villa,Y,LB,90,0,0,0,0,0,0,0,0,,,,,,,,,,,,,,,,,,,,,,,,,,,,,,,,,,,,,,,,,,,,,,,,,,,,,,,,,,,,,,,,,,,,,,,,,,,,,,,,,,,,,,,,,,,,,,,,,,,,,,,,,,,,,,,,,,,,,,,,,,,,,,,,,3,0,0,1,3,2,,,0,,,,
23,https://fbref.com/en/players/a67a09fb,Christian Fuchs,2015-2016,2016-01-23,Sat,Premier League,Matchweek 23,Home,W 3–0,Leicester City,Stoke City,Y,LB,90,0,0,0,0,0,0,0,0,,,,,,,,,,,,,,,,,,,,,,,,,,,,,,,,,,,,,,,,,,,,,,,,,,,,,,,,,,,,,,,,,,,,,,,,,,,,,,,,,,,,,,,,,,,,,,,,,,,,,,,,,,,,,,,,,,,,,,,,,,,,,,,,,1,0,0,4,3,3,,,0,,,,
24,https://fbref.com/en/players/a67a09fb,Christian Fuchs,2015-2016,2016-02-02,Tue,Premier League,Matchweek 24,Home,W 2–0,Leicester City,Liverpool,Y,LB,90,0,0,0,0,1,1,0,0,,,,,,,,,,,,,,,,,,,,,,,,,,,,,,,,,,,,,,,,,,,,,,,,,,,,,,,,,,,,,,,,,,,,,,,,,,,,,,,,,,,,,,,,,,,,,,,,,,,,,,,,,,,,,,,,,,,,,,,,,,,,,,,,,0,0,0,3,4,2,,,0,,,,
25,https://fbref.com/en/players/a67a09fb,Christian Fuchs,2015-2016,2016-02-06,Sat,Premier League,Matchweek 25,Away,W 3–1,Leicester City,Manchester City,Y,LB,90,0,1,0,0,0,0,0,0,,,,,,,,,,,,,,,,,,,,,,,,,,,,,,,,,,,,,,,,,,,,,,,,,,,,,,,,,,,,,,,,,,,,,,,,,,,,,,,,,,,,,,,,,,,,,,,,,,,,,,,,,,,,,,,,,,,,,,,,,,,,,,,,,3,1,0,4,3,8,,,0,,,,
26,https://fbref.com/en/players/a67a09fb,Christian Fuchs,2015-2016,2016-02-14,Sun,Premier League,Matchweek 26,Away,L 1–2,Leicester City,Arsenal,Y,LB,90,0,0,0,0,0,0,1,0,,,,,,,,,,,,,,,,,,,,,,,,,,,,,,,,,,,,,,,,,,,,,,,,,,,,,,,,,,,,,,,,,,,,,,,,,,,,,,,,,,,,,,,,,,,,,,,,,,,,,,,,,,,,,,,,,,,,,,,,,,,,,,,,,0,0,0,3,2,2,,,0,,,,
27,https://fbref.com/en/players/a67a09fb,Christian Fuchs,2015-2016,2016-02-27,Sat,Premier League,Matchweek 27,Home,W 1–0,Leicester City,Norwich City,Y,LB,90,0,0,0,0,1,0,0,0,,,,,,,,,,,,,,,,,,,,,,,,,,,,,,,,,,,,,,,,,,,,,,,,,,,,,,,,,,,,,,,,,,,,,,,,,,,,,,,,,,,,,,,,,,,,,,,,,,,,,,,,,,,,,,,,,,,,,,,,,,,,,,,,,1,0,0,5,4,4,,,0,,,,
28,https://fbref.com/en/players/a67a09fb,Christian Fuchs,2015-2016,2016-03-01,Tue,Premier League,Matchweek 28,Home,D 2–2,Leicester City,West Brom,Y,LB,78,0,0,0,0,0,0,0,0,,,,,,,,,,,,,,,,,,,,,,,,,,,,,,,,,,,,,,,,,,,,,,,,,,,,,,,,,,,,,,,,,,,,,,,,,,,,,,,,,,,,,,,,,,,,,,,,,,,,,,,,,,,,,,,,,,,,,,,,,,,,,,,,,1,0,0,5,1,2,,,0,,,,
29,https://fbref.com/en/players/a67a09fb,Christian Fuchs,2015-2016,2016-03-05,Sat,Premier League,Matchweek 29,Away,W 1–0,Leicester City,Watford,Y,LB,90,0,0,0,0,1,1,1,0,,,,,,,,,,,,,,,,,,,,,,,,,,,,,,,,,,,,,,,,,,,,,,,,,,,,,,,,,,,,,,,,,,,,,,,,,,,,,,,,,,,,,,,,,,,,,,,,,,,,,,,,,,,,,,,,,,,,,,,,,,,,,,,,,2,1,0,6,1,2,,,0,,,,
30,https://fbref.com/en/players/a67a09fb,Christian Fuchs,2015-2016,2016-03-14,Mon,Premier League,Matchweek 30,Home,W 1–0,Leicester City,Newcastle Utd,Y,LB,90,0,0,0,0,1,0,0,0,,,,,,,,,,,,,,,,,,,,,,,,,,,,,,,,,,,,,,,,,,,,,,,,,,,,,,,,,,,,,,,,,,,,,,,,,,,,,,,,,,,,,,,,,,,,,,,,,,,,,,,,,,,,,,,,,,,,,,,,,,,,,,,,,0,0,0,4,3,2,,,0,,,,
31,https://fbref.com/en/players/a67a09fb,Christian Fuchs,2015-2016,2016-03-19,Sat,Premier League,Matchweek 31,Away,W 1–0,Leicester City,Crystal Palace,Y,LB,90,0,0,0,0,1,0,0,0,,,,,,,,,,,,,,,,,,,,,,,,,,,,,,,,,,,,,,,,,,,,,,,,,,,,,,,,,,,,,,,,,,,,,,,,,,,,,,,,,,,,,,,,,,,,,,,,,,,,,,,,,,,,,,,,,,,,,,,,,,,,,,,,,1,0,0,2,3,5,,,0,,,,
32,https://fbref.com/en/players/a67a09fb,Christian Fuchs,2015-2016,2016-03-26,Sat,Friendlies (M),Friendlies (M),Home,W 2–1,at Austria,al Albania,Y,,45,0,0,0,0,,,0,0,,,,,,,,,,,,,,,,,,,,,,,,,,,,,,,,,,,,,,,,,,,,,,,,,,,,,,,,,,,,,,,,,,,,,,,,,,,,,,,,,,,,,,,,,,,,,,,,,,,,,,,,,,,,,,,,,,,,,,,,,,,,,,,,,,,,,,,,,0,,,,
33,https://fbref.com/en/players/a67a09fb,Christian Fuchs,2015-2016,2016-03-29,Tue,Friendlies (M),Friendlies (M),Home,L 1–2,at Austria,tr Turkey,Y*,LB,90,0,0,0,0,,,0,0,,,,,,,,,,,,,,,,,,,,,,,,,,,,,,,,,,,,,,,,,,,,,,,,,,,,,,,,,,,,,,,,,,,,,,,,,,,,,,,,,,,,,,,,,,,,,,,,,,,,,,,,,,,,,,,,,,,,,,,,,,,,,,,,,,,,,,,,,0,,,,
34,https://fbref.com/en/players/a67a09fb,Christian Fuchs,2015-2016,2016-04-03,Sun,Premier League,Matchweek 32,Home,W 1–0,Leicester City,Southampton,Y,LB,90,0,1,0,0,1,0,1,0,,,,,,,,,,,,,,,,,,,,,,,,,,,,,,,,,,,,,,,,,,,,,,,,,,,,,,,,,,,,,,,,,,,,,,,,,,,,,,,,,,,,,,,,,,,,,,,,,,,,,,,,,,,,,,,,,,,,,,,,,,,,,,,,,0,1,0,3,4,0,,,0,,,,
35,https://fbref.com/en/players/a67a09fb,Christian Fuchs,2015-2016,2016-04-10,Sun,Premier League,Matchweek 33,Away,W 2–0,Leicester City,Sunderland,Y,LB,90,0,0,0,0,0,0,1,0,,,,,,,,,,,,,,,,,,,,,,,,,,,,,,,,,,,,,,,,,,,,,,,,,,,,,,,,,,,,,,,,,,,,,,,,,,,,,,,,,,,,,,,,,,,,,,,,,,,,,,,,,,,,,,,,,,,,,,,,,,,,,,,,,2,1,0,2,1,3,,,0,,,,
36,https://fbref.com/en/players/a67a09fb,Christian Fuchs,2015-2016,2016-04-17,Sun,Premier League,Matchweek 34,Home,D 2–2,Leicester City,West Ham,Y,LB,90,0,0,0,0,0,0,0,0,,,,,,,,,,,,,,,,,,,,,,,,,,,,,,,,,,,,,,,,,,,,,,,,,,,,,,,,,,,,,,,,,,,,,,,,,,,,,,,,,,,,,,,,,,,,,,,,,,,,,,,,,,,,,,,,,,,,,,,,,,,,,,,,,1,0,0,2,1,0,,,0,,,,
37,https://fbref.com/en/players/a67a09fb,Christian Fuchs,2015-2016,2016-04-24,Sun,Premier League,Matchweek 35,Home,W 4–0,Leicester City,Swansea City,Y,LB,90,0,0,0,0,4,2,0,0,,,,,,,,,,,,,,,,,,,,,,,,,,,,,,,,,,,,,,,,,,,,,,,,,,,,,,,,,,,,,,,,,,,,,,,,,,,,,,,,,,,,,,,,,,,,,,,,,,,,,,,,,,,,,,,,,,,,,,,,,,,,,,,,,2,1,0,3,5,2,,,0,,,,
38,https://fbref.com/en/players/a67a09fb,Christian Fuchs,2015-2016,2016-05-01,Sun,Premier League,Matchweek 36,Away,D 1–1,Leicester City,Manchester Utd,Y,LB,90,0,0,0,0,0,0,0,0,,,,,,,,,,,,,,,,,,,,,,,,,,,,,,,,,,,,,,,,,,,,,,,,,,,,,,,,,,,,,,,,,,,,,,,,,,,,,,,,,,,,,,,,,,,,,,,,,,,,,,,,,,,,,,,,,,,,,,,,,,,,,,,,,1,1,0,7,5,6,,,0,,,,
39,https://fbref.com/en/players/a67a09fb,Christian Fuchs,2015-2016,2016-05-07,Sat,Premier League,Matchweek 37,Home,W 3–1,Leicester City,Everton,Y,LB,90,0,0,0,0,4,1,0,0,,,,,,,,,,,,,,,,,,,,,,,,,,,,,,,,,,,,,,,,,,,,,,,,,,,,,,,,,,,,,,,,,,,,,,,,,,,,,,,,,,,,,,,,,,,,,,,,,,,,,,,,,,,,,,,,,,,,,,,,,,,,,,,,,0,1,0,8,5,3,,,0,,,,
40,https://fbref.com/en/players/a67a09fb,Christian Fuchs,2015-2016,2016-05-15,Sun,Premier League,Matchweek 38,Away,D 1–1,Leicester City,Chelsea,Y,LB,90,0,0,0,0,1,0,0,0,,,,,,,,,,,,,,,,,,,,,,,,,,,,,,,,,,,,,,,,,,,,,,,,,,,,,,,,,,,,,,,,,,,,,,,,,,,,,,,,,,,,,,,,,,,,,,,,,,,,,,,,,,,,,,,,,,,,,,,,,,,,,,,,,0,0,0,3,2,1,,,0,,,,
41,https://fbref.com/en/players/a67a09fb,Christian Fuchs,2015-2016,2016-06-04,Sat,Friendlies (M),Friendlies (M),Home,L 0–2,at Austria,nl Netherlands,Y,,90,0,0,0,0,,,0,0,,,,,,,,,,,,,,,,,,,,,,,,,,,,,,,,,,,,,,,,,,,,,,,,,,,,,,,,,,,,,,,,,,,,,,,,,,,,,,,,,,,,,,,,,,,,,,,,,,,,,,,,,,,,,,,,,,,,,,,,,,,,,,,,,,,,,,,,,0,,,,
42,https://fbref.com/en/players/a67a09fb,Christian Fuchs,2015-2016,2016-06-14,Tue,UEFA Euro,Group stage,Neutral,L 0–2,at Austria,hu Hungary,Y*,RB,90,0,0,0,0,0,0,0,0,,,,,,,,,,,,,,,,,,,,,,,,,,,,,,,,,,,,,,,,,,,,,,,,,,,,,,,,,,,,,,,,,,,,,,,,,,,,,,,,,,,,,,,,,,,,,,,,,,,,,,,,,,,,,,,,,,,,,,,,,,,,,,,,,0,1,0,6,2,1,0,0,0,,,,
43,https://fbref.com/en/players/a67a09fb,Christian Fuchs,2015-2016,2016-06-18,Sat,UEFA Euro,Group stage,Neutral,D 0–0,at Austria,pt Portugal,Y*,LB,90,0,0,0,0,1,0,1,0,,,,,,,,,,,,,,,,,,,,,,,,,,,,,,,,,,,,,,,,,,,,,,,,,,,,,,,,,,,,,,,,,,,,,,,,,,,,,,,,,,,,,,,,,,,,,,,,,,,,,,,,,,,,,,,,,,,,,,,,,,,,,,,,,4,0,0,5,2,2,0,0,0,,,,
44,https://fbref.com/en/players/a67a09fb,Christian Fuchs,2015-2016,2016-06-22,Wed,UEFA Euro,Group stage,Neutral,L 1–2,at Austria,is Iceland,Y*,LB,90,0,0,0,0,2,0,0,0,,,,,,,,,,,,,,,,,,,,,,,,,,,,,,,,,,,,,,,,,,,,,,,,,,,,,,,,,,,,,,,,,,,,,,,,,,,,,,,,,,,,,,,,,,,,,,,,,,,,,,,,,,,,,,,,,,,,,,,,,,,,,,,,,0,0,0,10,0,1,0,0,0,,,,
0,https://fbref.com/en/players/a67a09fb,Christian Fuchs,2016-2017,2016-08-07,Sun,Community Shield,FA Community Shield,Home,L 1–2,Leicester City,Manchester Utd,Y,LB,79,0,0,0,0,0,0,0,0,,,,,,,,,,,,,,,,,,,,,,,,,,,,,,,,,,,,,,,,,,,,,,,,,,,,,,,,,,,,,,,,,,,,,,,,,,,,,,,,,,,,,,,,,,,,,,,,,,,,,,,,,,,,,,,,,,,,,,,,,,,,,,,,,0,0,0,0,0,0,0,0,0,,,,
1,https://fbref.com/en/players/a67a09fb,Christian Fuchs,2016-2017,2016-08-13,Sat,Premier League,Matchweek 1,Away,L 1–2,Leicester City,Hull City,Y,LB,90,0,0,0,0,1,1,1,0,,,,,,,,,,,,,,,,,,,,,,,,,,,,,,,,,,,,,,,,,,,,,,,,,,,,,,,,,,,,,,,,,,,,,,,,,,,,,,,,,,,,,,,,,,,,,,,,,,,,,,,,,,,,,,,,,,,,,,,,,,,,,,,,,1,0,0,0,1,3,0,0,0,,,,
2,https://fbref.com/en/players/a67a09fb,Christian Fuchs,2016-2017,2016-08-20,Sat,Premier League,Matchweek 2,Home,D 0–0,Leicester City,Arsenal,Y,LB,90,0,0,0,0,0,0,0,0,,,,,,,,,,,,,,,,,,,,,,,,,,,,,,,,,,,,,,,,,,,,,,,,,,,,,,,,,,,,,,,,,,,,,,,,,,,,,,,,,,,,,,,,,,,,,,,,,,,,,,,,,,,,,,,,,,,,,,,,,,,,,,,,,0,0,0,2,1,3,0,0,0,,,,
3,https://fbref.com/en/players/a67a09fb,Christian Fuchs,2016-2017,2016-08-27,Sat,Premier League,Matchweek 3,Home,W 2–1,Leicester City,Swansea City,Y,LB,90,0,0,0,0,0,0,0,0,,,,,,,,,,,,,,,,,,,,,,,,,,,,,,,,,,,,,,,,,,,,,,,,,,,,,,,,,,,,,,,,,,,,,,,,,,,,,,,,,,,,,,,,,,,,,,,,,,,,,,,,,,,,,,,,,,,,,,,,,,,,,,,,,3,0,0,1,7,1,0,0,0,,,,
4,https://fbref.com/en/players/a67a09fb,Christian Fuchs,2016-2017,2016-09-10,Sat,Premier League,Matchweek 4,Away,L 1–4,Leicester City,Liverpool,Y,LB,90,0,0,0,0,0,0,0,0,,,,,,,,,,,,,,,,,,,,,,,,,,,,,,,,,,,,,,,,,,,,,,,,,,,,,,,,,,,,,,,,,,,,,,,,,,,,,,,,,,,,,,,,,,,,,,,,,,,,,,,,,,,,,,,,,,,,,,,,,,,,,,,,,1,0,0,4,2,1,0,0,0,,,,
5,https://fbref.com/en/players/a67a09fb,Christian Fuchs,2016-2017,2016-09-14,Wed,Champions Lg,Group stage,Away,W 3–0,eng Leicester City,be Club Brugge,Y,LB,90,0,0,0,0,0,0,0,0,,,,,,,,,,,,,,,,,,,,,,,,,,,,,,,,,,,,,,,,,,,,,,,,,,,,,,,,,,,,,,,,,,,,,,,,,,,,,,,,,,,,,,,,,,,,,,,,,,,,,,,,,,,,,,,,,,,,,,,,,,,,,,,,,0,0,0,1,3,0,0,0,0,,,,
6,https://fbref.com/en/players/a67a09fb,Christian Fuchs,2016-2017,2016-09-17,Sat,Premier League,Matchweek 5,Home,W 3–0,Leicester City,Burnley,Y,LB,90,0,1,0,0,1,0,0,0,,,,,,,,,,,,,,,,,,,,,,,,,,,,,,,,,,,,,,,,,,,,,,,,,,,,,,,,,,,,,,,,,,,,,,,,,,,,,,,,,,,,,,,,,,,,,,,,,,,,,,,,,,,,,,,,,,,,,,,,,,,,,,,,,0,0,0,7,1,4,0,0,0,,,,
7,https://fbref.com/en/players/a67a09fb,Christian Fuchs,2016-2017,2016-09-24,Sat,Premier League,Matchweek 6,Away,L 1–4,Leicester City,Manchester Utd,Y,LB,90,0,0,0,0,2,0,0,0,,,,,,,,,,,,,,,,,,,,,,,,,,,,,,,,,,,,,,,,,,,,,,,,,,,,,,,,,,,,,,,,,,,,,,,,,,,,,,,,,,,,,,,,,,,,,,,,,,,,,,,,,,,,,,,,,,,,,,,,,,,,,,,,,1,1,0,2,0,0,0,0,0,,,,
8,https://fbref.com/en/players/a67a09fb,Christian Fuchs,2016-2017,2016-09-27,Tue,Champions Lg,Group stage,Home,W 1–0,eng Leicester City,pt Porto,Y,LB,90,0,0,0,0,0,0,0,0,,,,,,,,,,,,,,,,,,,,,,,,,,,,,,,,,,,,,,,,,,,,,,,,,,,,,,,,,,,,,,,,,,,,,,,,,,,,,,,,,,,,,,,,,,,,,,,,,,,,,,,,,,,,,,,,,,,,,,,,,,,,,,,,,1,1,0,1,2,2,0,0,0,,,,
9,https://fbref.com/en/players/a67a09fb,Christian Fuchs,2016-2017,2016-10-02,Sun,Premier League,Matchweek 7,Home,D 0–0,Leicester City,Southampton,Y,LB,90,0,0,0,0,0,0,0,0,,,,,,,,,,,,,,,,,,,,,,,,,,,,,,,,,,,,,,,,,,,,,,,,,,,,,,,,,,,,,,,,,,,,,,,,,,,,,,,,,,,,,,,,,,,,,,,,,,,,,,,,,,,,,,,,,,,,,,,,,,,,,,,,,0,0,0,0,1,2,0,0,0,,,,
10,https://fbref.com/en/players/a67a09fb,Christian Fuchs,2016-2017,2016-10-15,Sat,Premier League,Matchweek 8,Away,L 0–3,Leicester City,Chelsea,Y,LB,90,0,0,0,0,0,0,0,0,,,,,,,,,,,,,,,,,,,,,,,,,,,,,,,,,,,,,,,,,,,,,,,,,,,,,,,,,,,,,,,,,,,,,,,,,,,,,,,,,,,,,,,,,,,,,,,,,,,,,,,,,,,,,,,,,,,,,,,,,,,,,,,,,1,0,0,2,4,3,0,0,0,,,,
11,https://fbref.com/en/players/a67a09fb,Christian Fuchs,2016-2017,2016-10-18,Tue,Champions Lg,Group stage,Home,W 1–0,eng Leicester City,dk FC Copenhagen,Y,LB,90,0,0,0,0,0,0,1,0,,,,,,,,,,,,,,,,,,,,,,,,,,,,,,,,,,,,,,,,,,,,,,,,,,,,,,,,,,,,,,,,,,,,,,,,,,,,,,,,,,,,,,,,,,,,,,,,,,,,,,,,,,,,,,,,,,,,,,,,,,,,,,,,,1,1,0,1,1,0,0,0,0,,,,
12,https://fbref.com/en/players/a67a09fb,Christian Fuchs,2016-2017,2016-10-22,Sat,Premier League,Matchweek 9,Home,W 3–1,Leicester City,Crystal Palace,Y,LB,90,1,0,0,0,1,1,0,0,,,,,,,,,,,,,,,,,,,,,,,,,,,,,,,,,,,,,,,,,,,,,,,,,,,,,,,,,,,,,,,,,,,,,,,,,,,,,,,,,,,,,,,,,,,,,,,,,,,,,,,,,,,,,,,,,,,,,,,,,,,,,,,,,1,0,0,6,1,3,0,0,0,,,,
13,https://fbref.com/en/players/a67a09fb,Christian Fuchs,2016-2017,2016-10-29,Sat,Premier League,Matchweek 10,Away,D 1–1,Leicester City,Tottenham,Y,LB,90,0,0,0,0,2,0,0,0,,,,,,,,,,,,,,,,,,,,,,,,,,,,,,,,,,,,,,,,,,,,,,,,,,,,,,,,,,,,,,,,,,,,,,,,,,,,,,,,,,,,,,,,,,,,,,,,,,,,,,,,,,,,,,,,,,,,,,,,,,,,,,,,,1,0,0,6,2,3,0,0,0,,,,
14,https://fbref.com/en/players/a67a09fb,Christian Fuchs,2016-2017,2016-11-02,Wed,Champions Lg,Group stage,Away,D 0–0,eng Leicester City,dk FC Copenhagen,Y,LB,90,0,0,0,0,0,0,0,0,,,,,,,,,,,,,,,,,,,,,,,,,,,,,,,,,,,,,,,,,,,,,,,,,,,,,,,,,,,,,,,,,,,,,,,,,,,,,,,,,,,,,,,,,,,,,,,,,,,,,,,,,,,,,,,,,,,,,,,,,,,,,,,,,1,0,0,2,1,2,0,0,0,,,,
15,https://fbref.com/en/players/a67a09fb,Christian Fuchs,2016-2017,2016-11-06,Sun,Premier League,Matchweek 11,Home,L 1–2,Leicester City,West Brom,Y,LB,90,0,0,0,0,0,0,0,0,,,,,,,,,,,,,,,,,,,,,,,,,,,,,,,,,,,,,,,,,,,,,,,,,,,,,,,,,,,,,,,,,,,,,,,,,,,,,,,,,,,,,,,,,,,,,,,,,,,,,,,,,,,,,,,,,,,,,,,,,,,,,,,,,0,0,0,7,3,1,0,0,0,,,,
16,https://fbref.com/en/players/a67a09fb,Christian Fuchs,2016-2017,2016-11-19,Sat,Premier League,Matchweek 12,Away,L 1–2,Leicester City,Watford,Y,LB,67,0,0,0,0,0,0,1,0,,,,,,,,,,,,,,,,,,,,,,,,,,,,,,,,,,,,,,,,,,,,,,,,,,,,,,,,,,,,,,,,,,,,,,,,,,,,,,,,,,,,,,,,,,,,,,,,,,,,,,,,,,,,,,,,,,,,,,,,,,,,,,,,,3,1,0,0,6,3,0,0,0,,,,
17,https://fbref.com/en/players/a67a09fb,Christian Fuchs,2016-2017,2016-11-22,Tue,Champions Lg,Group stage,Home,W 2–1,eng Leicester City,be Club Brugge,Y,LB,90,0,1,0,0,0,0,0,0,,,,,,,,,,,,,,,,,,,,,,,,,,,,,,,,,,,,,,,,,,,,,,,,,,,,,,,,,,,,,,,,,,,,,,,,,,,,,,,,,,,,,,,,,,,,,,,,,,,,,,,,,,,,,,,,,,,,,,,,,,,,,,,,,0,0,0,8,1,2,0,0,0,,,,
18,https://fbref.com/en/players/a67a09fb,Christian Fuchs,2016-2017,2016-11-26,Sat,Premier League,Matchweek 13,Home,D 2–2,Leicester City,Middlesbrough,Y,LB,90,0,0,0,0,0,0,1,0,,,,,,,,,,,,,,,,,,,,,,,,,,,,,,,,,,,,,,,,,,,,,,,,,,,,,,,,,,,,,,,,,,,,,,,,,,,,,,,,,,,,,,,,,,,,,,,,,,,,,,,,,,,,,,,,,,,,,,,,,,,,,,,,,2,0,0,4,2,1,0,0,0,,,,
19,https://fbref.com/en/players/a67a09fb,Christian Fuchs,2016-2017,2016-12-03,Sat,Premier League,Matchweek 14,Away,L 1–2,Leicester City,Sunderland,Y,LB,90,0,0,0,0,0,0,1,0,,,,,,,,,,,,,,,,,,,,,,,,,,,,,,,,,,,,,,,,,,,,,,,,,,,,,,,,,,,,,,,,,,,,,,,,,,,,,,,,,,,,,,,,,,,,,,,,,,,,,,,,,,,,,,,,,,,,,,,,,,,,,,,,,2,0,0,5,3,1,0,0,0,,,,
20,https://fbref.com/en/players/a67a09fb,Christian Fuchs,2016-2017,2016-12-10,Sat,Premier League,Matchweek 15,Home,W 4–2,Leicester City,Manchester City,Y,LB,90,0,0,0,0,0,0,0,0,,,,,,,,,,,,,,,,,,,,,,,,,,,,,,,,,,,,,,,,,,,,,,,,,,,,,,,,,,,,,,,,,,,,,,,,,,,,,,,,,,,,,,,,,,,,,,,,,,,,,,,,,,,,,,,,,,,,,,,,,,,,,,,,,1,0,0,1,2,3,0,0,0,,,,
21,https://fbref.com/en/players/a67a09fb,Christian Fuchs,2016-2017,2016-12-13,Tue,Premier League,Matchweek 16,Away,L 0–1,Leicester City,Bournemouth,Y,LB,90,0,0,0,0,0,0,0,0,,,,,,,,,,,,,,,,,,,,,,,,,,,,,,,,,,,,,,,,,,,,,,,,,,,,,,,,,,,,,,,,,,,,,,,,,,,,,,,,,,,,,,,,,,,,,,,,,,,,,,,,,,,,,,,,,,,,,,,,,,,,,,,,,0,1,0,5,2,1,0,0,0,,,,
22,https://fbref.com/en/players/a67a09fb,Christian Fuchs,2016-2017,2016-12-17,Sat,Premier League,Matchweek 17,Away,D 2–2,Leicester City,Stoke City,Y,LB,90,0,1,0,0,1,0,1,0,,,,,,,,,,,,,,,,,,,,,,,,,,,,,,,,,,,,,,,,,,,,,,,,,,,,,,,,,,,,,,,,,,,,,,,,,,,,,,,,,,,,,,,,,,,,,,,,,,,,,,,,,,,,,,,,,,,,,,,,,,,,,,,,,0,0,0,4,3,2,0,0,0,,,,
23,https://fbref.com/en/players/a67a09fb,Christian Fuchs,2016-2017,2016-12-31,Sat,Premier League,Matchweek 19,Home,W 1–0,Leicester City,West Ham,N,,21,0,0,0,0,0,0,0,0,,,,,,,,,,,,,,,,,,,,,,,,,,,,,,,,,,,,,,,,,,,,,,,,,,,,,,,,,,,,,,,,,,,,,,,,,,,,,,,,,,,,,,,,,,,,,,,,,,,,,,,,,,,,,,,,,,,,,,,,,,,,,,,,,0,0,0,0,0,1,0,0,0,,,,
24,https://fbref.com/en/players/a67a09fb,Christian Fuchs,2016-2017,2017-01-02,Mon,Premier League,Matchweek 20,Away,D 0–0,Leicester City,Middlesbrough,Y,LB,90,0,0,0,0,2,0,0,0,,,,,,,,,,,,,,,,,,,,,,,,,,,,,,,,,,,,,,,,,,,,,,,,,,,,,,,,,,,,,,,,,,,,,,,,,,,,,,,,,,,,,,,,,,,,,,,,,,,,,,,,,,,,,,,,,,,,,,,,,,,,,,,,,1,0,0,4,3,1,0,0,0,,,,
25,https://fbref.com/en/players/a67a09fb,Christian Fuchs,2016-2017,2017-01-07,Sat,FA Cup,Third round,Away,W 2–1,Leicester City,Everton,N,,14,0,0,0,0,,,0,0,,,,,,,,,,,,,,,,,,,,,,,,,,,,,,,,,,,,,,,,,,,,,,,,,,,,,,,,,,,,,,,,,,,,,,,,,,,,,,,,,,,,,,,,,,,,,,,,,,,,,,,,,,,,,,,,,,,,,,,,,,,,,,,,,,,,,,,,,0,,,,
26,https://fbref.com/en/players/a67a09fb,Christian Fuchs,2016-2017,2017-01-14,Sat,Premier League,Matchweek 21,Home,L 0–3,Leicester City,Chelsea,Y,CB,90,0,0,0,0,2,1,1,0,,,,,,,,,,,,,,,,,,,,,,,,,,,,,,,,,,,,,,,,,,,,,,,,,,,,,,,,,,,,,,,,,,,,,,,,,,,,,,,,,,,,,,,,,,,,,,,,,,,,,,,,,,,,,,,,,,,,,,,,,,,,,,,,,1,0,0,3,1,0,0,0,0,,,,
27,https://fbref.com/en/players/a67a09fb,Christian Fuchs,2016-2017,2017-01-22,Sun,Premier League,Matchweek 22,Away,L 0–3,Leicester City,Southampton,Y,LB,90,0,0,0,0,1,0,0,0,,,,,,,,,,,,,,,,,,,,,,,,,,,,,,,,,,,,,,,,,,,,,,,,,,,,,,,,,,,,,,,,,,,,,,,,,,,,,,,,,,,,,,,,,,,,,,,,,,,,,,,,,,,,,,,,,,,,,,,,,,,,,,,,,0,0,0,6,1,3,0,0,0,,,,
28,https://fbref.com/en/players/a67a09fb,Christian Fuchs,2016-2017,2017-01-27,Fri,FA Cup,Fourth round,Away,D 2–2,Leicester City,Derby County,Y,,45,0,0,0,0,,,0,0,,,,,,,,,,,,,,,,,,,,,,,,,,,,,,,,,,,,,,,,,,,,,,,,,,,,,,,,,,,,,,,,,,,,,,,,,,,,,,,,,,,,,,,,,,,,,,,,,,,,,,,,,,,,,,,,,,,,,,,,,,,,,,,,,,,,,,,,,0,,,,
29,https://fbref.com/en/players/a67a09fb,Christian Fuchs,2016-2017,2017-01-31,Tue,Premier League,Matchweek 23,Away,L 0–1,Leicester City,Burnley,Y,LB,90,0,0,0,0,0,0,0,0,,,,,,,,,,,,,,,,,,,,,,,,,,,,,,,,,,,,,,,,,,,,,,,,,,,,,,,,,,,,,,,,,,,,,,,,,,,,,,,,,,,,,,,,,,,,,,,,,,,,,,,,,,,,,,,,,,,,,,,,,,,,,,,,,0,0,0,4,0,2,0,0,0,,,,
30,https://fbref.com/en/players/a67a09fb,Christian Fuchs,2016-2017,2017-02-05,Sun,Premier League,Matchweek 24,Home,L 0–3,Leicester City,Manchester Utd,Y,LB,90,0,0,0,0,0,0,1,0,,,,,,,,,,,,,,,,,,,,,,,,,,,,,,,,,,,,,,,,,,,,,,,,,,,,,,,,,,,,,,,,,,,,,,,,,,,,,,,,,,,,,,,,,,,,,,,,,,,,,,,,,,,,,,,,,,,,,,,,,,,,,,,,,2,1,0,3,2,3,0,0,0,,,,
31,https://fbref.com/en/players/a67a09fb,Christian Fuchs,2016-2017,2017-02-12,Sun,Premier League,Matchweek 25,Away,L 0–2,Leicester City,Swansea City,Y,LB,45,0,0,0,0,0,0,0,0,,,,,,,,,,,,,,,,,,,,,,,,,,,,,,,,,,,,,,,,,,,,,,,,,,,,,,,,,,,,,,,,,,,,,,,,,,,,,,,,,,,,,,,,,,,,,,,,,,,,,,,,,,,,,,,,,,,,,,,,,,,,,,,,,3,0,0,0,0,2,0,0,0,,,,
32,https://fbref.com/en/players/a67a09fb,Christian Fuchs,2016-2017,2017-02-22,Wed,Champions Lg,Round of 16,Away,L 1–2,eng Leicester City,es Sevilla,Y,LB,90,0,0,0,0,2,0,0,0,,,,,,,,,,,,,,,,,,,,,,,,,,,,,,,,,,,,,,,,,,,,,,,,,,,,,,,,,,,,,,,,,,,,,,,,,,,,,,,,,,,,,,,,,,,,,,,,,,,,,,,,,,,,,,,,,,,,,,,,,,,,,,,,,0,0,0,0,0,0,0,0,0,,,,
33,https://fbref.com/en/players/a67a09fb,Christian Fuchs,2016-2017,2017-02-27,Mon,Premier League,Matchweek 26,Home,W 3–1,Leicester City,Liverpool,Y,LB,90,0,1,0,0,2,1,0,0,,,,,,,,,,,,,,,,,,,,,,,,,,,,,,,,,,,,,,,,,,,,,,,,,,,,,,,,,,,,,,,,,,,,,,,,,,,,,,,,,,,,,,,,,,,,,,,,,,,,,,,,,,,,,,,,,,,,,,,,,,,,,,,,,1,0,0,2,2,3,0,0,0,,,,
34,https://fbref.com/en/players/a67a09fb,Christian Fuchs,2016-2017,2017-03-04,Sat,Premier League,Matchweek 27,Home,W 3–1,Leicester City,Hull City,Y,LB,90,1,0,0,0,2,1,0,0,,,,,,,,,,,,,,,,,,,,,,,,,,,,,,,,,,,,,,,,,,,,,,,,,,,,,,,,,,,,,,,,,,,,,,,,,,,,,,,,,,,,,,,,,,,,,,,,,,,,,,,,,,,,,,,,,,,,,,,,,,,,,,,,,0,2,0,4,1,2,0,0,0,,,,
35,https://fbref.com/en/players/a67a09fb,Christian Fuchs,2016-2017,2017-03-14,Tue,Champions Lg,Round of 16,Home,W 2–0,eng Leicester City,es Sevilla,Y,LB,90,0,0,0,0,2,0,0,0,,,,,,,,,,,,,,,,,,,,,,,,,,,,,,,,,,,,,,,,,,,,,,,,,,,,,,,,,,,,,,,,,,,,,,,,,,,,,,,,,,,,,,,,,,,,,,,,,,,,,,,,,,,,,,,,,,,,,,,,,,,,,,,,,1,0,0,1,1,2,0,0,0,,,,
36,https://fbref.com/en/players/a67a09fb,Christian Fuchs,2016-2017,2017-03-18,Sat,Premier League,Matchweek 29,Away,W 3–2,Leicester City,West Ham,Y,LB,90,0,0,0,0,0,0,0,0,,,,,,,,,,,,,,,,,,,,,,,,,,,,,,,,,,,,,,,,,,,,,,,,,,,,,,,,,,,,,,,,,,,,,,,,,,,,,,,,,,,,,,,,,,,,,,,,,,,,,,,,,,,,,,,,,,,,,,,,,,,,,,,,,0,0,0,0,0,2,0,0,0,,,,
37,https://fbref.com/en/players/a67a09fb,Christian Fuchs,2016-2017,2017-04-01,Sat,Premier League,Matchweek 30,Home,W 2–0,Leicester City,Stoke City,Y,LB,90,0,0,0,0,1,1,1,0,,,,,,,,,,,,,,,,,,,,,,,,,,,,,,,,,,,,,,,,,,,,,,,,,,,,,,,,,,,,,,,,,,,,,,,,,,,,,,,,,,,,,,,,,,,,,,,,,,,,,,,,,,,,,,,,,,,,,,,,,,,,,,,,,1,1,0,4,3,3,0,0,0,,,,
38,https://fbref.com/en/players/a67a09fb,Christian Fuchs,2016-2017,2017-04-04,Tue,Premier League,Matchweek 31,Home,W 2–0,Leicester City,Sunderland,Y,LB,90,0,0,0,0,0,0,0,0,,,,,,,,,,,,,,,,,,,,,,,,,,,,,,,,,,,,,,,,,,,,,,,,,,,,,,,,,,,,,,,,,,,,,,,,,,,,,,,,,,,,,,,,,,,,,,,,,,,,,,,,,,,,,,,,,,,,,,,,,,,,,,,,,0,1,0,2,2,0,0,0,0,,,,
39,https://fbref.com/en/players/a67a09fb,Christian Fuchs,2016-2017,2017-04-12,Wed,Champions Lg,Quarter-finals,Away,L 0–1,eng Leicester City,es Atlético Madrid,Y,LB,90,0,0,0,0,0,0,0,0,,,,,,,,,,,,,,,,,,,,,,,,,,,,,,,,,,,,,,,,,,,,,,,,,,,,,,,,,,,,,,,,,,,,,,,,,,,,,,,,,,,,,,,,,,,,,,,,,,,,,,,,,,,,,,,,,,,,,,,,,,,,,,,,,2,0,0,2,3,2,0,0,0,,,,
40,https://fbref.com/en/players/a67a09fb,Christian Fuchs,2016-2017,2017-04-15,Sat,Premier League,Matchweek 33,Away,D 2–2,Leicester City,Crystal Palace,Y,LB,90,0,1,0,0,0,0,0,0,,,,,,,,,,,,,,,,,,,,,,,,,,,,,,,,,,,,,,,,,,,,,,,,,,,,,,,,,,,,,,,,,,,,,,,,,,,,,,,,,,,,,,,,,,,,,,,,,,,,,,,,,,,,,,,,,,,,,,,,,,,,,,,,,0,0,0,0,1,3,0,0,0,,,,
41,https://fbref.com/en/players/a67a09fb,Christian Fuchs,2016-2017,2017-04-18,Tue,Champions Lg,Quarter-finals,Home,D 1–1,eng Leicester City,es Atlético Madrid,Y,LB,90,0,0,0,0,0,0,0,0,,,,,,,,,,,,,,,,,,,,,,,,,,,,,,,,,,,,,,,,,,,,,,,,,,,,,,,,,,,,,,,,,,,,,,,,,,,,,,,,,,,,,,,,,,,,,,,,,,,,,,,,,,,,,,,,,,,,,,,,,,,,,,,,,0,1,0,1,0,2,0,0,0,,,,
42,https://fbref.com/en/players/a67a09fb,Christian Fuchs,2016-2017,2017-04-26,Wed,Premier League,Matchweek 28,Away,L 0–1,Leicester City,Arsenal,Y,LB,90,0,0,0,0,0,0,1,0,,,,,,,,,,,,,,,,,,,,,,,,,,,,,,,,,,,,,,,,,,,,,,,,,,,,,,,,,,,,,,,,,,,,,,,,,,,,,,,,,,,,,,,,,,,,,,,,,,,,,,,,,,,,,,,,,,,,,,,,,,,,,,,,,1,1,0,1,0,2,0,0,0,,,,
43,https://fbref.com/en/players/a67a09fb,Christian Fuchs,2016-2017,2017-04-29,Sat,Premier League,Matchweek 35,Away,W 1–0,Leicester City,West Brom,Y,LB,90,0,0,0,0,0,0,0,0,,,,,,,,,,,,,,,,,,,,,,,,,,,,,,,,,,,,,,,,,,,,,,,,,,,,,,,,,,,,,,,,,,,,,,,,,,,,,,,,,,,,,,,,,,,,,,,,,,,,,,,,,,,,,,,,,,,,,,,,,,,,,,,,,0,0,1,3,3,1,0,0,0,,,,
44,https://fbref.com/en/players/a67a09fb,Christian Fuchs,2016-2017,2017-05-06,Sat,Premier League,Matchweek 36,Home,W 3–0,Leicester City,Watford,Y,LB,90,0,0,0,0,1,0,0,0,,,,,,,,,,,,,,,,,,,,,,,,,,,,,,,,,,,,,,,,,,,,,,,,,,,,,,,,,,,,,,,,,,,,,,,,,,,,,,,,,,,,,,,,,,,,,,,,,,,,,,,,,,,,,,,,,,,,,,,,,,,,,,,,,0,1,0,3,0,5,0,0,0,,,,
45,https://fbref.com/en/players/a67a09fb,Christian Fuchs,2016-2017,2017-05-13,Sat,Premier League,Matchweek 37,Away,L 1–2,Leicester City,Manchester City,Y,CB,90,0,0,0,0,0,0,1,0,,,,,,,,,,,,,,,,,,,,,,,,,,,,,,,,,,,,,,,,,,,,,,,,,,,,,,,,,,,,,,,,,,,,,,,,,,,,,,,,,,,,,,,,,,,,,,,,,,,,,,,,,,,,,,,,,,,,,,,,,,,,,,,,,1,0,0,0,4,0,0,0,0,,,,
46,https://fbref.com/en/players/a67a09fb,Christian Fuchs,2016-2017,2017-05-18,Thu,Premier League,Matchweek 34,Home,L 1–6,Leicester City,Tottenham,Y,CB,90,0,0,0,0,1,0,0,0,,,,,,,,,,,,,,,,,,,,,,,,,,,,,,,,,,,,,,,,,,,,,,,,,,,,,,,,,,,,,,,,,,,,,,,,,,,,,,,,,,,,,,,,,,,,,,,,,,,,,,,,,,,,,,,,,,,,,,,,,,,,,,,,,1,0,0,1,3,5,0,0,0,,,,
47,https://fbref.com/en/players/a67a09fb,Christian Fuchs,2016-2017,2017-05-21,Sun,Premier League,Matchweek 38,Home,D 1–1,Leicester City,Bournemouth,Y,CB,90,0,0,0,0,1,0,0,0,,,,,,,,,,,,,,,,,,,,,,,,,,,,,,,,,,,,,,,,,,,,,,,,,,,,,,,,,,,,,,,,,,,,,,,,,,,,,,,,,,,,,,,,,,,,,,,,,,,,,,,,,,,,,,,,,,,,,,,,,,,,,,,,,0,0,0,0,1,3,0,0,0,,,,
