PlayerUrl,Season
https://fbref.com/en/players/a36da810,2019-2020
https://fbref.com/en/players/464cbbc9,2020-2021
https://fbref.com/en/players/8ea6417a,2019-2020
https://fbref.com/en/players/8ea6417a,2020-2021
https://fbref.com/en/players/1a4ef233,2019-2020
https://fbref.com/en/players/b18095b6,2020-2021
https://fbref.com/en/players/7dbbe367,2020-2021
https://fbref.com/en/players/d0042ab9,2015-2016
https://fbref.com/en/players/1bebde9d,2020-2021
https://fbref.com/en/players/2f0edbe7,2020-2021
https://fbref.com/en/players/b3379356,2017-2018
https://fbref.com/en/players/b3379356,2019-2020
https://fbref.com/en/players/b3379356,2020-2021
https://fbref.com/en/players/93ee387c,2020-2021
https://fbref.com/en/players/b92dd711,2018-2019
https://fbref.com/en/players/b92dd711,2019-2020
https://fbref.com/en/players/b92dd711,2020-2021
https://fbref.com/en/players/41cc19c2,2017-2018
https://fbref.com/en/players/fd3f57ce,2019-2020
https://fbref.com/en/players/fd3f57ce,2020-2021
https://fbref.com/en/players/ad7b19ef,2018-2019
https://fbref.com/en/players/ad7b19ef,2020-2021
https://fbref.com/en/players/22fd2214,2019-2020
https://fbref.com/en/players/22fd2214,2020-2021
https://fbref.com/en/players/46b5375e,2020-2021
https://fbref.com/en/players/210d9ecb,2019-2020
https://fbref.com/en/players/210d9ecb,2020-2021
https://fbref.com/en/players/1148323a,2020-2021
https://fbref.com/en/players/fefce889,2019-2020
https://fbref.com/en/players/21a66e33,2019-2020
https://fbref.com/en/players/21a66e33,2020-2021
https://fbref.com/en/players/1117b9ff,2020-2021
https://fbref.com/en/players/184e4970,2019-2020
https://fbref.com/en/players/184e4970,2020-2021
https://fbref.com/en/players/48844a9b,2019-2020
https://fbref.com/en/players/48844a9b,2020-2021
https://fbref.com/en/players/ac7d7378,2019-2020
https://fbref.com/en/players/ac7d7378,2020-2021
https://fbref.com/en/players/c55e973d,2020-2021
https://fbref.com/en/players/d3d758d8,2020-2021
https://fbref.com/en/players/06b34f37,2018-2019
https://fbref.com/en/players/06b34f37,2019-2020
https://fbref.com/en/players/06b34f37,2020-2021
https://fbref.com/en/players/356a9a62,2019-2020
https://fbref.com/en/players/356a9a62,2020-2021
https://fbref.com/en/players/f5e6d08d,2020-2021
https://fbref.com/en/players/d596e193,2020-2021
https://fbref.com/en/players/63b0ca6b,2019-2020
https://fbref.com/en/players/e029e404,2017-2018
https://fbref.com/en/players/e029e404,2018-2019
https://fbref.com/en/players/e029e404,2019-2020
https://fbref.com/en/players/e029e404,2020-2021
https://fbref.com/en/players/0356cf4f,2019-2020
https://fbref.com/en/players/0356cf4f,2020-2021
https://fbref.com/en/players/b86fe156,2020-2021
https://fbref.com/en/players/c4cca587,2018-2019
https://fbref.com/en/players/c4cca587,2019-2020
https://fbref.com/en/players/c4cca587,2020-2021
https://fbref.com/en/players/0db918ff,2017-2018
https://fbref.com/en/players/0db918ff,2018-2019
https://fbref.com/en/players/0db918ff,2019-2020
https://fbref.com/en/players/0db918ff,2020-2021
https://fbref.com/en/players/6ef56efd,2020-2021
https://fbref.com/en/players/7c1f4685,2019-2020
https://fbref.com/en/players/7c1f4685,2020-2021
https://fbref.com/en/players/a07579ee,2020-2021
https://fbref.com/en/players/3680d723,2018-2019
https://fbref.com/en/players/3680d723,2019-2020
https://fbref.com/en/players/3680d723,2020-2021
https://fbref.com/en/players/1e0b6a73,2020-2021
https://fbref.com/en/players/b86fe156,2017-2018
https://fbref.com/en/players/111c3236,2018-2019
https://fbref.com/en/players/111c3236,2019-2020
https://fbref.com/en/players/5eecec3d,2020-2021
https://fbref.com/en/players/a07579ee,2019-2020
https://fbref.com/en/players/34ccf6fa,2019-2020
https://fbref.com/en/players/ef619b0b,2020-2021
https://fbref.com/en/players/e2e9c250,2015-2016
https://fbref.com/en/players/e2e9c250,2017-2018
https://fbref.com/en/players/e2e9c250,2018-2019
https://fbref.com/en/players/e2e9c250,2020-2021
https://fbref.com/en/players/71672fa0,2019-2020
https://fbref.com/en/players/0442183b,2019-2020
https://fbref.com/en/players/68517cfd,2018-2019
https://fbref.com/en/players/68517cfd,2019-2020
https://fbref.com/en/players/68517cfd,2020-2021
https://fbref.com/en/players/562eed5c,2018-2019
https://fbref.com/en/players/c61f1719,2019-2020
https://fbref.com/en/players/c61f1719,2020-2021
https://fbref.com/en/players/1bf811d4,2020-2021
https://fbref.com/en/players/98be0d02,2019-2020
https://fbref.com/en/players/6813ac34,2020-2021
https://fbref.com/en/players/37c408cc,2019-2020
https://fbref.com/en/players/02b29014,2020-2021
https://fbref.com/en/players/0d4ceb32,2020-2021
https://fbref.com/en/players/33508c78,2016-2017
https://fbref.com/en/players/33508c78,2017-2018
https://fbref.com/en/players/33508c78,2018-2019
https://fbref.com/en/players/33508c78,2019-2020
https://fbref.com/en/players/33508c78,2020-2021
https://fbref.com/en/players/495de82c,2015-2016
https://fbref.com/en/players/495de82c,2017-2018
https://fbref.com/en/players/495de82c,2018-2019
https://fbref.com/en/players/495de82c,2019-2020
https://fbref.com/en/players/495de82c,2020-2021
https://fbref.com/en/players/a498e276,2020-2021
https://fbref.com/en/players/5eae500a,2017-2018
https://fbref.com/en/players/5eae500a,2018-2019
https://fbref.com/en/players/6dfd5af0,2020-2021
https://fbref.com/en/players/0558e236,2017-2018
https://fbref.com/en/players/0558e236,2018-2019
https://fbref.com/en/players/0558e236,2019-2020
https://fbref.com/en/players/0558e236,2020-2021
https://fbref.com/en/players/c7aee75b,2015-2016
https://fbref.com/en/players/1b7ec703,2020-2021
https://fbref.com/en/players/0bd1ea64,2018-2019
https://fbref.com/en/players/0bd1ea64,2019-2020
https://fbref.com/en/players/0bd1ea64,2020-2021
https://fbref.com/en/players/16ceb862,2019-2020
https://fbref.com/en/players/16ceb862,2020-2021
https://fbref.com/en/players/13e827f8,2015-2016
https://fbref.com/en/players/8056f6e6,2017-2018
https://fbref.com/en/players/8056f6e6,2018-2019
https://fbref.com/en/players/8056f6e6,2019-2020
https://fbref.com/en/players/8056f6e6,2020-2021
https://fbref.com/en/players/d899e3bf,2019-2020
https://fbref.com/en/players/d899e3bf,2020-2021
https://fbref.com/en/players/ba1e04b3,2017-2018
https://fbref.com/en/players/ba1e04b3,2018-2019
https://fbref.com/en/players/ba1e04b3,2019-2020
https://fbref.com/en/players/2f7acede,2018-2019
https://fbref.com/en/players/1b7ec703,2020-2021
https://fbref.com/en/players/b217ef29,2018-2019
https://fbref.com/en/players/c7aee75b,2015-2016
https://fbref.com/en/players/15ea812b,2019-2020
https://fbref.com/en/players/15ea812b,2020-2021
https://fbref.com/en/players/ab070c55,2015-2016
https://fbref.com/en/players/ab070c55,2017-2018
https://fbref.com/en/players/cee31595,2016-2017
https://fbref.com/en/players/cee31595,2017-2018
https://fbref.com/en/players/1d2d5cc8,2018-2019
https://fbref.com/en/players/8056f6e6,2018-2019
https://fbref.com/en/players/8056f6e6,2019-2020
https://fbref.com/en/players/8056f6e6,2020-2021
https://fbref.com/en/players/0bd1ea64,2018-2019
https://fbref.com/en/players/0bd1ea64,2019-2020
https://fbref.com/en/players/0bd1ea64,2020-2021
https://fbref.com/en/players/78b8ac63,2016-2017
https://fbref.com/en/players/78b8ac63,2017-2018
https://fbref.com/en/players/914ab9a1,2015-2016
https://fbref.com/en/players/914ab9a1,2016-2017
https://fbref.com/en/players/914ab9a1,2017-2018
https://fbref.com/en/players/a498e276,2020-2021
https://fbref.com/en/players/73d9bdc7,2017-2018
https://fbref.com/en/players/73d9bdc7,2018-2019
https://fbref.com/en/players/73d9bdc7,2019-2020
https://fbref.com/en/players/73d9bdc7,2020-2021
https://fbref.com/en/players/d8931174,2018-2019
https://fbref.com/en/players/0558e236,2017-2018
https://fbref.com/en/players/0558e236,2018-2019
https://fbref.com/en/players/0558e236,2019-2020
https://fbref.com/en/players/0558e236,2020-2021
https://fbref.com/en/players/a1d5bd30,2017-2018
https://fbref.com/en/players/a1d5bd30,2018-2019
https://fbref.com/en/players/a1d5bd30,2019-2020
https://fbref.com/en/players/a1d5bd30,2020-2021
https://fbref.com/en/players/bd8a7d05,2015-2016
https://fbref.com/en/players/bd8a7d05,2020-2021
https://fbref.com/en/players/165bed61,2020-2021
https://fbref.com/en/players/74b2cd7e,2020-2021
https://fbref.com/en/players/810e3c74,2020-2021
https://fbref.com/en/players/a1d5bd30,2017-2018
https://fbref.com/en/players/2b114be3,2018-2019
https://fbref.com/en/players/2b114be3,2019-2020
https://fbref.com/en/players/5b54bf3b,2017-2018
https://fbref.com/en/players/bd8a7d05,2020-2021
https://fbref.com/en/players/a300ac7e,2015-2016
https://fbref.com/en/players/61abe9b6,2020-2021
https://fbref.com/en/players/5c59bc47,2019-2020
https://fbref.com/en/players/148d4105,2019-2020
https://fbref.com/en/players/c8fac933,2017-2018
https://fbref.com/en/players/c8fac933,2019-2020
https://fbref.com/en/players/c8fac933,2018-2019
https://fbref.com/en/players/c8fac933,2019-2020
https://fbref.com/en/players/c8fac933,2020-2021
https://fbref.com/en/players/5c59bc47,2020-2021
https://fbref.com/en/players/148d4105,2020-2021
https://fbref.com/en/players/93feac6e,2020-2021
https://fbref.com/en/players/989d5705,2017-2018
https://fbref.com/en/players/a10361d2,2015-2016
https://fbref.com/en/players/a10361d2,2017-2018
https://fbref.com/en/players/819b3158,2018-2019
https://fbref.com/en/players/8cceca90,2018-2019
https://fbref.com/en/players/8cceca90,2019-2020
https://fbref.com/en/players/8cceca90,2020-2021
https://fbref.com/en/players/538e77d5,2020-2021
https://fbref.com/en/players/ab7263c1,2018-2019
https://fbref.com/en/players/ab7263c1,2019-2020
https://fbref.com/en/players/ab7263c1,2020-2021
https://fbref.com/en/players/9dab6e3b,2020-2021
https://fbref.com/en/players/4aed5c19,2017-2018
https://fbref.com/en/players/4aed5c19,2018-2019
https://fbref.com/en/players/4aed5c19,2019-2020
https://fbref.com/en/players/4aed5c19,2020-2021
https://fbref.com/en/players/f58d6213,2015-2016
https://fbref.com/en/players/6dc73abd,2017-2018
https://fbref.com/en/players/6dc73abd,2018-2019
https://fbref.com/en/players/6dc73abd,2019-2020
https://fbref.com/en/players/6dc73abd,2020-2021
https://fbref.com/en/players/26e5c484,2019-2020
https://fbref.com/en/players/26e5c484,2020-2021
https://fbref.com/en/players/6dc73abd,2017-2018
https://fbref.com/en/players/6dc73abd,2018-2019
https://fbref.com/en/players/6dc73abd,2019-2020
https://fbref.com/en/players/6dc73abd,2020-2021
https://fbref.com/en/players/246d153b,2015-2016
https://fbref.com/en/players/d2bff301,2020-2021
https://fbref.com/en/players/4db76f57,2019-2020
https://fbref.com/en/players/4db76f57,2020-2021
https://fbref.com/en/players/b27b49b4,2019-2020
https://fbref.com/en/players/b27b49b4,2020-2021
https://fbref.com/en/players/26e5c484,2019-2020
https://fbref.com/en/players/26e5c484,2020-2021
https://fbref.com/en/players/f2428fd4,2020-2021
https://fbref.com/en/players/4771114f,2020-2021
https://fbref.com/en/players/b27b49b4,2019-2020
https://fbref.com/en/players/b27b49b4,2020-2021
https://fbref.com/en/players/d2bff301,2020-2021
https://fbref.com/en/players/79c84d1c,2015-2016
https://fbref.com/en/players/4aed5c19,2017-2018
https://fbref.com/en/players/4aed5c19,2018-2019
https://fbref.com/en/players/4aed5c19,2019-2020
https://fbref.com/en/players/4aed5c19,2020-2021
https://fbref.com/en/players/f2428fd4,2020-2021
https://fbref.com/en/players/a801669e,2015-2016
https://fbref.com/en/players/d24e154c,2019-2020
https://fbref.com/en/players/ab7263c1,2018-2019
https://fbref.com/en/players/ab7263c1,2019-2020
https://fbref.com/en/players/ab7263c1,2020-2021
https://fbref.com/en/players/def899bd,2020-2021
https://fbref.com/en/players/ab7263c1,2018-2019
https://fbref.com/en/players/ab7263c1,2019-2020
https://fbref.com/en/players/ab7263c1,2020-2021
https://fbref.com/en/players/8cceca90,2018-2019
https://fbref.com/en/players/8cceca90,2019-2020
https://fbref.com/en/players/8cceca90,2020-2021
https://fbref.com/en/players/e5ea8be7,2017-2018
https://fbref.com/en/players/4aed5c19,2017-2018
https://fbref.com/en/players/4aed5c19,2018-2019
https://fbref.com/en/players/4aed5c19,2019-2020
https://fbref.com/en/players/4aed5c19,2020-2021
https://fbref.com/en/players/381d7d54,2019-2020
https://fbref.com/en/players/381d7d54,2020-2021
https://fbref.com/en/players/c204f844,2019-2020
https://fbref.com/en/players/c204f844,2020-2021
https://fbref.com/en/players/3515ba56,2015-2016
https://fbref.com/en/players/3515ba56,2017-2018
https://fbref.com/en/players/3515ba56,2018-2019
https://fbref.com/en/players/3515ba56,2019-2020
https://fbref.com/en/players/3515ba56,2020-2021
https://fbref.com/en/players/57c433c8,2020-2021
https://fbref.com/en/players/8aadeaef,2015-2016
https://fbref.com/en/players/c204f844,2019-2020
https://fbref.com/en/players/c204f844,2020-2021
https://fbref.com/en/players/4db76f57,2019-2020
https://fbref.com/en/players/4db76f57,2020-2021
https://fbref.com/en/players/6d6f09dc,2015-2016
https://fbref.com/en/players/c204f844,2019-2020
https://fbref.com/en/players/c204f844,2020-2021
https://fbref.com/en/players/6d6f09dc,2015-2016
https://fbref.com/en/players/f2428fd4,2020-2021
https://fbref.com/en/players/87449a74,2015-2016
https://fbref.com/en/players/8cceca90,2018-2019
https://fbref.com/en/players/8cceca90,2019-2020
https://fbref.com/en/players/8cceca90,2020-2021
https://fbref.com/en/players/ebd0a048,2015-2016
https://fbref.com/en/players/cd1acf9d,2015-2016
https://fbref.com/en/players/24249219,2020-2021
https://fbref.com/en/players/9a8c6673,2018-2019
https://fbref.com/en/players/4771114f,2020-2021
https://fbref.com/en/players/9a8c6673,2020-2021
https://fbref.com/en/players/9a8c6673,2018-2019
https://fbref.com/en/players/9a8c6673,2020-2021
https://fbref.com/en/players/1415840f,2015-2016
https://fbref.com/en/players/a7b41270,2015-2016
https://fbref.com/en/players/af721f98,2020-2021
https://fbref.com/en/players/93bfa675,2017-2018
https://fbref.com/en/players/93bfa675,2018-2019
https://fbref.com/en/players/93bfa675,2019-2020
https://fbref.com/en/players/93bfa675,2020-2021
https://fbref.com/en/players/cd1acf9d,2015-2016
https://fbref.com/en/players/62393d3b,2017-2018
https://fbref.com/en/players/62393d3b,2018-2019
https://fbref.com/en/players/62393d3b,2019-2020
https://fbref.com/en/players/62393d3b,2020-2021
https://fbref.com/en/players/539230cf,2018-2019
https://fbref.com/en/players/ce4246f5,2020-2021
https://fbref.com/en/players/7789bf63,2017-2018
https://fbref.com/en/players/8f866fe8,2019-2020
https://fbref.com/en/players/539230cf,2019-2020
https://fbref.com/en/players/2054d037,2015-2016
https://fbref.com/en/players/7c104bb7,2019-2020
https://fbref.com/en/players/cc18ff4c,2020-2021
https://fbref.com/en/players/4f56170e,2018-2019
https://fbref.com/en/players/96bb8cc2,2015-2016
https://fbref.com/en/players/8f866fe8,2020-2021
https://fbref.com/en/players/4f56170e,2019-2020
https://fbref.com/en/players/7c104bb7,2020-2021
https://fbref.com/en/players/539230cf,2020-2021
https://fbref.com/en/players/7789bf63,2018-2019
https://fbref.com/en/players/7789bf63,2015-2016
https://fbref.com/en/players/96bb8cc2,2016-2017
https://fbref.com/en/players/7789bf63,2019-2020
https://fbref.com/en/players/495945ef,2015-2016
https://fbref.com/en/players/81d8091f,2015-2016
https://fbref.com/en/players/4f56170e,2020-2021
https://fbref.com/en/players/2054d037,2017-2018
https://fbref.com/en/players/2054d037,2017-2018
https://fbref.com/en/players/495945ef,2016-2017
https://fbref.com/en/players/2054d037,2018-2019
https://fbref.com/en/players/7789bf63,2020-2021
https://fbref.com/en/players/81d8091f,2016-2017
https://fbref.com/en/players/96bb8cc2,2017-2018
https://fbref.com/en/players/2054d037,2018-2019
https://fbref.com/en/players/495945ef,2017-2018
https://fbref.com/en/players/7789bf63,2017-2018
https://fbref.com/en/players/2054d037,2019-2020
https://fbref.com/en/players/96bb8cc2,2018-2019
https://fbref.com/en/players/81d8091f,2017-2018
https://fbref.com/en/players/2054d037,2019-2020
https://fbref.com/en/players/495945ef,2018-2019
https://fbref.com/en/players/f0e72e1c,2015-2016
https://fbref.com/en/players/7789bf63,2018-2019
https://fbref.com/en/players/2054d037,2020-2021
https://fbref.com/en/players/7789bf63,2019-2020
https://fbref.com/en/players/2054d037,2020-2021
https://fbref.com/en/players/f0e72e1c,2016-2017
https://fbref.com/en/players/2ce2508a,2015-2016
https://fbref.com/en/players/81d8091f,2018-2019
https://fbref.com/en/players/7789bf63,2020-2021
https://fbref.com/en/players/96bb8cc2,2019-2020
https://fbref.com/en/players/495945ef,2019-2020
https://fbref.com/en/players/2ce2508a,2016-2017
https://fbref.com/en/players/96bb8cc2,2015-2016
https://fbref.com/en/players/f0e72e1c,2017-2018
https://fbref.com/en/players/81d8091f,2019-2020
https://fbref.com/en/players/495945ef,2015-2016
https://fbref.com/en/players/96bb8cc2,2020-2021
https://fbref.com/en/players/495945ef,2020-2021
https://fbref.com/en/players/2ce2508a,2017-2018
https://fbref.com/en/players/96bb8cc2,2016-2017
https://fbref.com/en/players/f0e72e1c,2018-2019
https://fbref.com/en/players/81d8091f,2020-2021
https://fbref.com/en/players/da052c14,2015-2016
https://fbref.com/en/players/495945ef,2016-2017
https://fbref.com/en/players/87935cf3,2015-2016
https://fbref.com/en/players/96bb8cc2,2017-2018
https://fbref.com/en/players/2ce2508a,2018-2019
https://fbref.com/en/players/f0e72e1c,2019-2020
https://fbref.com/en/players/6dbe8f69,2015-2016
https://fbref.com/en/players/da052c14,2016-2017
https://fbref.com/en/players/495945ef,2017-2018
https://fbref.com/en/players/87935cf3,2016-2017
https://fbref.com/en/players/96bb8cc2,2018-2019
https://fbref.com/en/players/2ce2508a,2019-2020
https://fbref.com/en/players/f0e72e1c,2020-2021
https://fbref.com/en/players/6dbe8f69,2016-2017
https://fbref.com/en/players/495945ef,2018-2019
https://fbref.com/en/players/da052c14,2017-2018
https://fbref.com/en/players/87935cf3,2017-2018
https://fbref.com/en/players/96bb8cc2,2019-2020
https://fbref.com/en/players/2ce2508a,2020-2021
https://fbref.com/en/players/2054d037,2017-2018
https://fbref.com/en/players/6dbe8f69,2017-2018
https://fbref.com/en/players/495945ef,2019-2020
https://fbref.com/en/players/da052c14,2018-2019
https://fbref.com/en/players/87935cf3,2018-2019
https://fbref.com/en/players/96bb8cc2,2020-2021
https://fbref.com/en/players/977ffc24,2015-2016
https://fbref.com/en/players/5c374509,2015-2016
https://fbref.com/en/players/2054d037,2018-2019
https://fbref.com/en/players/6dbe8f69,2018-2019
https://fbref.com/en/players/495945ef,2020-2021
https://fbref.com/en/players/da052c14,2019-2020
https://fbref.com/en/players/87935cf3,2019-2020
https://fbref.com/en/players/977ffc24,2016-2017
https://fbref.com/en/players/5c374509,2016-2017
https://fbref.com/en/players/2054d037,2019-2020
https://fbref.com/en/players/6dbe8f69,2019-2020
https://fbref.com/en/players/82b1198a,2015-2016
https://fbref.com/en/players/da052c14,2020-2021
https://fbref.com/en/players/87935cf3,2020-2021
https://fbref.com/en/players/977ffc24,2017-2018
https://fbref.com/en/players/5c374509,2017-2018
https://fbref.com/en/players/2054d037,2020-2021
https://fbref.com/en/players/5c374509,2018-2019
https://fbref.com/en/players/6dbe8f69,2020-2021
https://fbref.com/en/players/82b1198a,2016-2017
https://fbref.com/en/players/8309b068,2015-2016
https://fbref.com/en/players/7789bf63,2015-2016
https://fbref.com/en/players/977ffc24,2018-2019
https://fbref.com/en/players/723ba189,2015-2016
https://fbref.com/en/players/5c374509,2019-2020
https://fbref.com/en/players/81d8091f,2015-2016
https://fbref.com/en/players/82b1198a,2017-2018
https://fbref.com/en/players/8309b068,2016-2017
https://fbref.com/en/players/977ffc24,2019-2020
https://fbref.com/en/players/723ba189,2016-2017
https://fbref.com/en/players/5c374509,2020-2021
https://fbref.com/en/players/7789bf63,2017-2018
https://fbref.com/en/players/81d8091f,2016-2017
https://fbref.com/en/players/82b1198a,2018-2019
https://fbref.com/en/players/8309b068,2017-2018
https://fbref.com/en/players/977ffc24,2020-2021
https://fbref.com/en/players/723ba189,2017-2018
https://fbref.com/en/players/da052c14,2015-2016
https://fbref.com/en/players/7789bf63,2018-2019
https://fbref.com/en/players/81d8091f,2017-2018
https://fbref.com/en/players/82b1198a,2019-2020
https://fbref.com/en/players/8309b068,2018-2019
https://fbref.com/en/players/0ff967f7,2015-2016
https://fbref.com/en/players/723ba189,2018-2019
https://fbref.com/en/players/da052c14,2016-2017
https://fbref.com/en/players/7789bf63,2019-2020
https://fbref.com/en/players/81d8091f,2018-2019
https://fbref.com/en/players/8309b068,2019-2020
https://fbref.com/en/players/82b1198a,2020-2021
https://fbref.com/en/players/da052c14,2017-2018
https://fbref.com/en/players/7789bf63,2020-2021
https://fbref.com/en/players/723ba189,2019-2020
https://fbref.com/en/players/0ff967f7,2016-2017
https://fbref.com/en/players/81d8091f,2019-2020
https://fbref.com/en/players/8309b068,2020-2021
https://fbref.com/en/players/723ba189,2015-2016
https://fbref.com/en/players/da052c14,2018-2019
https://fbref.com/en/players/f0e72e1c,2015-2016
https://fbref.com/en/players/723ba189,2020-2021
https://fbref.com/en/players/0ff967f7,2017-2018
https://fbref.com/en/players/da052c14,2015-2016
https://fbref.com/en/players/81d8091f,2020-2021
https://fbref.com/en/players/723ba189,2016-2017
https://fbref.com/en/players/da052c14,2019-2020
https://fbref.com/en/players/8aa5f52c,2015-2016
https://fbref.com/en/players/f0e72e1c,2016-2017
https://fbref.com/en/players/0ff967f7,2018-2019
https://fbref.com/en/players/da052c14,2016-2017
https://fbref.com/en/players/0ff967f7,2015-2016
https://fbref.com/en/players/723ba189,2017-2018
https://fbref.com/en/players/da052c14,2020-2021
https://fbref.com/en/players/0ff967f7,2019-2020
https://fbref.com/en/players/f0e72e1c,2017-2018
https://fbref.com/en/players/8aa5f52c,2016-2017
https://fbref.com/en/players/da052c14,2017-2018
https://fbref.com/en/players/0ff967f7,2016-2017
https://fbref.com/en/players/723ba189,2018-2019
https://fbref.com/en/players/7956236f,2015-2016
https://fbref.com/en/players/0ff967f7,2020-2021
https://fbref.com/en/players/f0e72e1c,2018-2019
https://fbref.com/en/players/8aa5f52c,2017-2018
https://fbref.com/en/players/da052c14,2018-2019
https://fbref.com/en/players/0ff967f7,2017-2018
https://fbref.com/en/players/723ba189,2019-2020
https://fbref.com/en/players/7956236f,2016-2017
https://fbref.com/en/players/81d8091f,2015-2016
https://fbref.com/en/players/f0e72e1c,2019-2020
https://fbref.com/en/players/8aa5f52c,2018-2019
https://fbref.com/en/players/7956236f,2017-2018
https://fbref.com/en/players/da052c14,2019-2020
https://fbref.com/en/players/723ba189,2020-2021
https://fbref.com/en/players/0ff967f7,2018-2019
https://fbref.com/en/players/81d8091f,2016-2017
https://fbref.com/en/players/f0e72e1c,2020-2021
https://fbref.com/en/players/8aa5f52c,2019-2020
https://fbref.com/en/players/33e2d513,2015-2016
https://fbref.com/en/players/7956236f,2018-2019
https://fbref.com/en/players/0ff967f7,2019-2020
https://fbref.com/en/players/da052c14,2020-2021
https://fbref.com/en/players/8aa5f52c,2020-2021
https://fbref.com/en/players/81d8091f,2017-2018
https://fbref.com/en/players/ce4246f5,2015-2016
https://fbref.com/en/players/0ff967f7,2020-2021
https://fbref.com/en/players/33e2d513,2016-2017
https://fbref.com/en/players/81d8091f,2015-2016
https://fbref.com/en/players/81d8091f,2018-2019
https://fbref.com/en/players/7956236f,2019-2020
https://fbref.com/en/players/8aa5f52c,2015-2016
https://fbref.com/en/players/ce4246f5,2016-2017
https://fbref.com/en/players/723ba189,2015-2016
https://fbref.com/en/players/33e2d513,2017-2018
https://fbref.com/en/players/81d8091f,2019-2020
https://fbref.com/en/players/81d8091f,2016-2017
https://fbref.com/en/players/7956236f,2020-2021
https://fbref.com/en/players/8aa5f52c,2016-2017
https://fbref.com/en/players/ce4246f5,2017-2018
https://fbref.com/en/players/1e26e376,2015-2016
https://fbref.com/en/players/8aa5f52c,2017-2018
https://fbref.com/en/players/ce4246f5,2018-2019
https://fbref.com/en/players/723ba189,2016-2017
https://fbref.com/en/players/33e2d513,2018-2019
https://fbref.com/en/players/1e26e376,2016-2017
https://fbref.com/en/players/ce4246f5,2019-2020
https://fbref.com/en/players/81d8091f,2020-2021
https://fbref.com/en/players/81d8091f,2017-2018
https://fbref.com/en/players/33e2d513,2019-2020
https://fbref.com/en/players/8aa5f52c,2018-2019
https://fbref.com/en/players/723ba189,2017-2018
https://fbref.com/en/players/33e2d513,2020-2021
https://fbref.com/en/players/8aa5f52c,2019-2020
https://fbref.com/en/players/1e26e376,2017-2018
https://fbref.com/en/players/81d8091f,2018-2019
https://fbref.com/en/players/ce4246f5,2020-2021
https://fbref.com/en/players/7b4de647,2015-2016
https://fbref.com/en/players/723ba189,2018-2019
https://fbref.com/en/players/cc70a1d5,2015-2016
https://fbref.com/en/players/8aa5f52c,2020-2021
https://fbref.com/en/players/1e26e376,2018-2019
https://fbref.com/en/players/81d8091f,2019-2020
https://fbref.com/en/players/2ce2508a,2015-2016
https://fbref.com/en/players/1e26e376,2019-2020
https://fbref.com/en/players/81d8091f,2020-2021
https://fbref.com/en/players/5a4280b1,2015-2016
https://fbref.com/en/players/7b4de647,2016-2017
https://fbref.com/en/players/723ba189,2019-2020
https://fbref.com/en/players/cc70a1d5,2016-2017
https://fbref.com/en/players/2ce2508a,2016-2017
https://fbref.com/en/players/1e26e376,2020-2021
https://fbref.com/en/players/c325c010,2015-2016
https://fbref.com/en/players/5a4280b1,2016-2017
https://fbref.com/en/players/8aab04dc,2015-2016
https://fbref.com/en/players/7b4de647,2017-2018
https://fbref.com/en/players/723ba189,2020-2021
https://fbref.com/en/players/cc70a1d5,2017-2018
https://fbref.com/en/players/2ce2508a,2017-2018
https://fbref.com/en/players/cc70a1d5,2018-2019
https://fbref.com/en/players/099e666f,2015-2016
https://fbref.com/en/players/5a4280b1,2017-2018
https://fbref.com/en/players/c325c010,2016-2017
https://fbref.com/en/players/8aab04dc,2016-2017
https://fbref.com/en/players/7b4de647,2018-2019
https://fbref.com/en/players/2ce2508a,2018-2019
https://fbref.com/en/players/099e666f,2016-2017
https://fbref.com/en/players/cc70a1d5,2019-2020
https://fbref.com/en/players/8aab04dc,2017-2018
https://fbref.com/en/players/d93c2511,2015-2016
https://fbref.com/en/players/099e666f,2017-2018
https://fbref.com/en/players/c325c010,2019-2020
https://fbref.com/en/players/2baec6ce,2015-2016
https://fbref.com/en/players/c325c010,2020-2021
https://fbref.com/en/players/c325c010,2019-2020
https://fbref.com/en/players/c325c010,2020-2021
